"time_stamp","humidity","humidity_a","humidity_b","temperature","temperature_a","temperature_b","pressure","pressure_a","pressure_b","pm2.5_cf_1","pm2.5_cf_1_a","pm2.5_cf_1_b","sensor_index","pm2.5_correct"
"2024-07-04T00:00:00Z",20.667,20.667,NA,95.6,95.6,NA,1010.609,1010.609,NA,3.228,2.223,4.233,101109,5.6506436
"2024-07-04T01:00:00Z",20,20,NA,95.967,95.967,NA,1010.166,1010.166,NA,3.128,1.95,4.306,101109,5.655072
"2024-07-04T02:00:00Z",22.9,22.9,NA,95.2,95.2,NA,1009.931,1009.931,NA,4.17,3.255,5.085,101109,5.954
"2024-07-04T03:00:00Z",27.1,27.1,NA,89.667,89.667,NA,1009.803,1009.803,NA,5.351,4.435,6.267,101109,6.215004
"2024-07-04T04:00:00Z",34.3,34.3,NA,80.833,80.833,NA,1010.14,1010.14,NA,10.8325,10.285,11.38,101109,8.47387
"2024-07-04T05:00:00Z",42.666,42.666,NA,74.267,74.267,NA,1010.392,1010.392,NA,15.1415,14.843,15.44,101109,10.0190028
"2024-07-04T06:00:00Z",47.767,47.767,NA,70.767,70.767,NA,1010.534,1010.534,NA,12.0525,11.735,12.37,101109,7.9657616
"2024-07-04T07:00:00Z",51,51,NA,68,68,NA,1010.811,1010.811,NA,10.6295,10.214,11.045,101109,6.944658
"2024-07-04T08:00:00Z",52.733,52.733,NA,66.2,66.2,NA,1011.04,1011.04,NA,16.4365,16.093,16.78,101109,9.8398744
"2024-07-04T09:00:00Z",55.166,55.166,NA,63.966,63.966,NA,1011.112,1011.112,NA,16.4035,16.233,16.574,101109,9.6152908
"2024-07-04T10:00:00Z",57.833,57.833,NA,62.034,62.034,NA,1011.279,1011.279,NA,14.7565,14.422,15.091,101109,8.5250344
"2024-07-04T11:00:00Z",59.966,59.966,NA,60.267,60.267,NA,1011.181,1011.181,NA,15.7285,15.244,16.213,101109,8.8526308
"2024-07-04T12:00:00Z",61.233,61.233,NA,59.334,59.334,NA,1011.588,1011.588,NA,19.852,19.37,20.334,101109,10.9053964
"2024-07-04T13:00:00Z",60.733,60.733,NA,61.066,61.066,NA,1011.87,1011.87,NA,17.0635,16.735,17.392,101109,9.4868224
"2024-07-04T14:00:00Z",55.567,55.567,NA,66.4,66.4,NA,1011.818,1011.818,NA,17.3235,17.047,17.6,101109,10.0632056
"2024-07-04T15:00:00Z",48.733,48.733,NA,71.8,71.8,NA,1011.779,1011.779,NA,7.2555,6.493,8.018,101109,5.3698304
"2024-07-04T16:00:00Z",42.4,42.4,NA,76.133,76.133,NA,1011.602,1011.602,NA,6.299,5.447,7.151,101109,5.408196
"2024-07-04T17:00:00Z",38.067,38.067,NA,80.166,80.166,NA,1011.391,1011.391,NA,5.7725,4.756,6.789,101109,5.5014816
"2024-07-04T18:00:00Z",33.2,33.2,NA,83.567,83.567,NA,1011.102,1011.102,NA,5.1195,4.131,6.108,101109,5.573978
"2024-07-04T19:00:00Z",29.566,29.566,NA,87,87,NA,1010.787,1010.787,NA,4.691,3.661,5.721,101109,5.6590608
"2024-07-04T20:00:00Z",27.433,27.433,NA,90.1,90.1,NA,1010.457,1010.457,NA,4.723,3.708,5.738,101109,5.8575604
"2024-07-04T21:00:00Z",24.267,24.267,NA,93.467,93.467,NA,1010.023,1010.023,NA,5.371,4.514,6.228,101109,6.4668556
"2024-07-04T22:00:00Z",21.166,21.166,NA,96.7,96.7,NA,1009.496,1009.496,NA,3.668,2.76,4.576,101109,5.8386888
"2024-07-04T23:00:00Z",20.867,20.867,NA,98.367,98.367,NA,1009.053,1009.053,NA,4.396,3.635,5.157,101109,6.2456356
"2024-07-04T00:00:00Z",22.066,22.066,NA,92.966,92.966,NA,1011.762,1011.762,NA,0.0065,0,0.013,136172,3.8433828
"2024-07-04T01:00:00Z",25,25,NA,89.433,89.433,NA,1011.353,1011.353,NA,0.118,0.1,0.136,136172,3.651832
"2024-07-04T02:00:00Z",30.533,30.533,NA,85.667,85.667,NA,1011.169,1011.169,NA,0.6045,0.488,0.721,136172,3.4353464
"2024-07-04T03:00:00Z",31.567,31.567,NA,83.166,83.166,NA,1011.066,1011.066,NA,1.055,0.883,1.227,136172,3.5833116
"2024-07-04T04:00:00Z",35.534,35.534,NA,80.067,80.067,NA,1011.33,1011.33,NA,4.407,4.395,4.419,136172,5.0017712
"2024-07-04T05:00:00Z",38.867,38.867,NA,77.8,77.8,NA,1011.561,1011.561,NA,4.286,4.141,4.431,136172,4.6543956
"2024-07-04T06:00:00Z",39.6,39.6,NA,76.233,76.233,NA,1011.653,1011.653,NA,1.163,1.047,1.279,136172,2.955492
"2024-07-04T07:00:00Z",40.466,40.466,NA,74.967,74.967,NA,1011.914,1011.914,NA,0.959,0.752,1.166,136172,2.7748128
"2024-07-04T08:00:00Z",42.066,42.066,NA,73.7,73.7,NA,1012.096,1012.096,NA,1.7235,1.623,1.824,136172,3.0390908
"2024-07-04T09:00:00Z",44.5,44.5,NA,72.233,72.233,NA,1012.187,1012.187,NA,2.059,1.81,2.308,136172,3.007516
"2024-07-04T10:00:00Z",47.167,47.167,NA,70.7,70.7,NA,1012.313,1012.313,NA,4.1335,4.063,4.204,136172,3.8673256
"2024-07-04T11:00:00Z",49.633,49.633,NA,69.6,69.6,NA,1012.296,1012.296,NA,5.297,5.187,5.407,136172,4.2668964
"2024-07-04T12:00:00Z",51.334,51.334,NA,68.966,68.966,NA,1012.592,1012.592,NA,5.408,5.279,5.537,136172,4.1801352
"2024-07-04T13:00:00Z",51.666,51.666,NA,69.333,69.333,NA,1012.786,1012.786,NA,6.659,6.413,6.905,136172,4.8073728
"2024-07-04T14:00:00Z",49.267,49.267,NA,71.167,71.167,NA,1012.809,1012.809,NA,5.0735,4.889,5.258,136172,4.1809656
"2024-07-04T15:00:00Z",46.166,46.166,NA,73.233,73.233,NA,1012.836,1012.836,NA,3.227,3.091,3.363,136172,3.4776048
"2024-07-04T16:00:00Z",42.9,42.9,NA,75.8,75.8,NA,1012.76,1012.76,NA,1.905,1.857,1.953,136172,3.06314
"2024-07-04T17:00:00Z",39.233,39.233,NA,78.567,78.567,NA,1012.567,1012.567,NA,3.5725,3.703,3.442,136172,4.2493384
"2024-07-04T18:00:00Z",34.767,34.767,NA,81.867,81.867,NA,1012.286,1012.286,NA,0.2785,0.312,0.245,136172,2.9037856
"2024-07-04T19:00:00Z",31.534,31.534,NA,85.133,85.133,NA,1011.986,1011.986,NA,0.3635,0.359,0.368,136172,3.2237772
"2024-07-04T20:00:00Z",27.233,27.233,NA,89.834,89.834,NA,1011.667,1011.667,NA,0.154,0.119,0.189,136172,3.4804444
"2024-07-04T21:00:00Z",22.066,22.066,NA,96.233,96.233,NA,1011.249,1011.249,NA,0.0015,0,0.003,136172,3.8407628
"2024-07-04T22:00:00Z",20.834,20.834,NA,99.433,99.433,NA,1010.767,1010.767,NA,0.059,0.06,0.058,136172,3.9758592
"2024-07-04T23:00:00Z",21.1,21.1,NA,99.367,99.367,NA,1010.316,1010.316,NA,0.116,0.055,0.177,136172,3.983064
"2024-07-04T00:00:00Z",29.534,29.534,NA,93,93,NA,1023.977,1023.977,NA,3.0625,3.22,2.905,15203,4.8084532
"2024-07-04T01:00:00Z",32.633,32.633,NA,91.1,91.1,NA,1023.554,1023.554,NA,4.11,4.32,3.9,15203,5.0933084
"2024-07-04T02:00:00Z",36.8,36.8,NA,86.367,86.367,NA,1023.319,1023.319,NA,4.1715,4.503,3.84,15203,4.770506
"2024-07-04T03:00:00Z",42.967,42.967,NA,81.834,81.834,NA,1023.277,1023.277,NA,4.8375,4.955,4.72,15203,4.5940616
"2024-07-04T04:00:00Z",50.934,50.934,NA,77.566,77.566,NA,1023.614,1023.614,NA,5.3035,5.287,5.32,15203,4.1594572
"2024-07-04T05:00:00Z",55.367,55.367,NA,75.233,75.233,NA,1023.825,1023.825,NA,6.0335,5.704,6.363,15203,4.1642856
"2024-07-04T06:00:00Z",54.6,54.6,NA,74.733,74.733,NA,1023.865,1023.865,NA,5.149,5.051,5.247,15203,3.766156
"2024-07-04T07:00:00Z",58.567,58.567,NA,73,73,NA,1024.278,1024.278,NA,5.74,5.675,5.805,15203,3.7378516
"2024-07-04T08:00:00Z",67.1,67.1,NA,70.833,70.833,NA,1024.552,1024.552,NA,5.5455,5.432,5.659,15203,2.908922
"2024-07-04T09:00:00Z",76.833,76.833,NA,69,69,NA,1024.741,1024.741,NA,6.7765,6.721,6.832,15203,2.7247144
"2024-07-04T10:00:00Z",81.1,81.1,NA,68.633,68.633,NA,1024.869,1024.869,NA,8.682,8.759,8.605,15203,3.359648
"2024-07-04T11:00:00Z",89.433,89.433,NA,67.334,67.334,NA,1024.812,1024.812,NA,8.6995,8.611,8.788,15203,2.6588464
"2024-07-04T12:00:00Z",96.767,96.767,NA,66.7,66.7,NA,1025.171,1025.171,NA,9.5815,9.672,9.491,15203,2.4961576
"2024-07-04T13:00:00Z",91.567,91.567,NA,69.034,69.034,NA,1025.355,1025.355,NA,13.1825,13.425,12.94,15203,4.8261216
"2024-07-04T14:00:00Z",72.934,72.934,NA,74.133,74.133,NA,1025.329,1025.329,NA,13.474,13.735,13.213,15203,6.5663992
"2024-07-04T15:00:00Z",64.9,64.9,NA,76.867,76.867,NA,1025.341,1025.341,NA,8.2215,8.303,8.14,15203,4.498586
"2024-07-04T16:00:00Z",54.8,54.8,NA,80.934,80.934,NA,1025.139,1025.139,NA,6.157,6.373,5.941,15203,4.277308
"2024-07-04T17:00:00Z",50.466,50.466,NA,82.934,82.934,NA,1024.919,1024.919,NA,10.192,10.463,9.921,15203,6.7609048
"2024-07-04T18:00:00Z",44.867,44.867,NA,85.433,85.433,NA,1024.608,1024.608,NA,4.46,4.678,4.242,15203,4.2343716
"2024-07-04T19:00:00Z",36.333,36.333,NA,90.933,90.933,NA,1024.208,1024.208,NA,3.8085,3.934,3.683,15203,4.6200824
"2024-07-04T20:00:00Z",31.034,31.034,NA,94.3,94.3,NA,1023.893,1023.893,NA,3.231,3.389,3.073,15203,4.7689472
"2024-07-04T21:00:00Z",30.233,30.233,NA,93.034,93.034,NA,1023.443,1023.443,NA,3.125,3.256,2.994,15203,4.7816484
"2024-07-04T22:00:00Z",31.667,31.667,NA,91.5,91.5,NA,1022.978,1022.978,NA,3.3165,3.479,3.154,15203,4.7598176
"2024-07-04T23:00:00Z",30.633,30.633,NA,93.767,93.767,NA,1022.541,1022.541,NA,3.9765,4.234,3.719,15203,5.1937544
"2024-07-04T00:00:00Z",33.1,33.1,NA,81.567,81.567,NA,1013.298,1013.298,NA,3.731,3.786,3.676,156499,4.854924
"2024-07-04T01:00:00Z",37.3,37.3,NA,80.034,80.034,NA,1012.909,1012.909,NA,4.878,4.961,4.795,156499,5.098112
"2024-07-04T02:00:00Z",38.033,38.033,NA,79.467,79.467,NA,1012.688,1012.688,NA,4.909,4.959,4.859,156499,5.0519044
"2024-07-04T03:00:00Z",39.867,39.867,NA,77.9,77.9,NA,1012.572,1012.572,NA,5.0885,5.191,4.986,156499,4.9897056
"2024-07-04T04:00:00Z",43.8,43.8,NA,74.6,74.6,NA,1012.763,1012.763,NA,6.5855,6.598,6.573,156499,5.439042
"2024-07-04T05:00:00Z",45.5,45.5,NA,72.466,72.466,NA,1012.944,1012.944,NA,5.8325,5.885,5.78,156499,4.89963
"2024-07-04T06:00:00Z",46.933,46.933,NA,70.834,70.834,NA,1013.023,1013.023,NA,4.583,4.678,4.488,156499,4.1228004
"2024-07-04T07:00:00Z",49.933,49.933,NA,68.867,68.867,NA,1013.186,1013.186,NA,5.1295,5.309,4.95,156499,4.1535664
"2024-07-04T08:00:00Z",53.334,53.334,NA,67.434,67.434,NA,1013.515,1013.515,NA,5.5255,5.57,5.481,156499,4.0713052
"2024-07-04T09:00:00Z",55.066,55.066,NA,66.534,66.534,NA,1013.635,1013.635,NA,7.795,7.811,7.779,156499,5.1129568
"2024-07-04T10:00:00Z",58.067,58.067,NA,65.2,65.2,NA,1013.769,1013.769,NA,9.008,9.055,8.961,156499,5.4928836
"2024-07-04T11:00:00Z",59.733,59.733,NA,64.367,64.367,NA,1013.721,1013.721,NA,8.7615,8.817,8.706,156499,5.2217744
"2024-07-04T12:00:00Z",60.9,60.9,NA,64,64,NA,1014.024,1014.024,NA,7.688,7.637,7.739,156499,4.559832
"2024-07-04T13:00:00Z",60.867,60.867,NA,64.7,64.7,NA,1014.251,1014.251,NA,7.8225,7.871,7.774,156499,4.6331216
"2024-07-04T14:00:00Z",60.033,60.033,NA,66.467,66.467,NA,1014.375,1014.375,NA,9.4315,9.419,9.444,156499,5.5472944
"2024-07-04T15:00:00Z",53.4,53.4,NA,70.233,70.233,NA,1014.403,1014.403,NA,7.157,7.11,7.204,156499,4.920588
"2024-07-04T16:00:00Z",48.133,48.133,NA,74.067,74.067,NA,1014.317,1014.317,NA,5.813,5.857,5.769,156499,4.6650804
"2024-07-04T17:00:00Z",43.033,43.033,NA,77.733,77.733,NA,1014.182,1014.182,NA,5.1755,5.189,5.162,156499,4.7655504
"2024-07-04T18:00:00Z",39.433,39.433,NA,81.334,81.334,NA,1013.835,1013.835,NA,4.868,4.892,4.844,156499,4.9111404
"2024-07-04T19:00:00Z",33.7,33.7,NA,84,84,NA,1013.519,1013.519,NA,3.0605,3.011,3.11,156499,4.452462
"2024-07-04T20:00:00Z",31.1,31.1,NA,85.933,85.933,NA,1013.127,1013.127,NA,2.667,2.736,2.598,156499,4.467788
"2024-07-04T21:00:00Z",29.8,29.8,NA,87.933,87.933,NA,1012.609,1012.609,NA,2.548,2.562,2.534,156499,4.516192
"2024-07-04T22:00:00Z",29.9,29.9,NA,88.7,88.7,NA,1012.292,1012.292,NA,2.823,2.87,2.776,156499,4.651772
"2024-07-04T23:00:00Z",30.666,30.666,NA,88.267,88.267,NA,1011.85,1011.85,NA,3.3295,3.393,3.266,156499,4.8519148
"2024-07-04T00:00:00Z",31.5,31.5,31.5,81.233,81.233,81.233,1009.786,1009.786,1009.786,2.8705,3.126,2.615,167065,4.540342
"2024-07-04T01:00:00Z",33.367,33.367,33.367,81.2,81.2,81.2,1009.33,1009.33,1009.33,3.5535,3.936,3.171,167065,4.7391656
"2024-07-04T02:00:00Z",37.267,37.267,37.267,80.2,80.2,80.2,1009.119,1009.119,1009.119,4.5465,4.915,4.178,167065,4.9272176
"2024-07-04T03:00:00Z",38.567,38.567,38.567,78.4,78.4,78.4,1009.036,1009.036,1009.036,6.771,7.308,6.234,167065,5.9820956
"2024-07-04T04:00:00Z",41.833,41.833,41.833,76.267,76.267,76.267,1009.296,1009.296,1009.296,8.3745,9.126,7.623,167065,6.5440664
"2024-07-04T05:00:00Z",45.966,45.966,45.966,74,74,74,1009.509,1009.509,1009.509,14.625,15.752,13.498,167065,9.4671968
"2024-07-04T06:00:00Z",47.734,47.734,47.734,72.667,72.667,72.667,1009.598,1009.598,1009.598,27.0695,29.25,24.889,167065,15.8374812
"2024-07-04T07:00:00Z",48.367,48.367,48.367,71.666,71.666,71.666,1009.903,1009.903,1009.903,19.9945,21.484,18.505,167065,12.0762496
"2024-07-04T08:00:00Z",49,49,49,70.833,70.833,70.833,1010.071,1010.071,1010.071,10.499,11.322,9.676,167065,7.046676
"2024-07-04T09:00:00Z",50.6,50.6,50.6,69.534,69.534,69.534,1010.163,1010.163,1010.163,9.6855,10.334,9.037,167065,6.484082
"2024-07-04T10:00:00Z",51.733,51.733,51.733,68.834,68.834,68.834,1010.228,1010.228,1010.228,9.9835,10.676,9.291,167065,6.5437024
"2024-07-04T11:00:00Z",54.166,54.166,54.166,67.667,67.667,67.667,1010.216,1010.216,1010.216,10.474,11.171,9.777,167065,6.5934328
"2024-07-04T12:00:00Z",54.7,54.7,54.7,67.6,67.6,67.6,1010.525,1010.525,1010.525,10.464,11.075,9.853,167065,6.542696
"2024-07-04T13:00:00Z",48.2,48.2,48.2,72.7,72.7,72.7,1010.725,1010.725,1010.725,8.998,9.702,8.294,167065,6.328312
"2024-07-04T14:00:00Z",38.133,38.133,38.133,81.167,81.167,81.167,1010.738,1010.738,1010.738,6.0355,6.438,5.633,167065,5.6336704
"2024-07-04T15:00:00Z",30.567,30.567,30.567,89.167,89.167,89.167,1010.776,1010.776,1010.776,6.636,7.341,5.931,167065,6.5929556
"2024-07-04T16:00:00Z",27.409,27.409,27.409,92.753,92.753,92.753,1010.654,1010.654,1010.654,4.841,5.475,4.207,167065,5.9214372
"2024-07-04T17:00:00Z",24.292,24.292,24.292,95.95,95.95,95.95,1010.502,1010.502,1010.502,4.4945,5.179,3.81,167065,6.0054396
"2024-07-04T18:00:00Z",24.366,24.366,24.366,94.8,94.8,94.8,1010.228,1010.228,1010.228,3.079,3.711,2.447,167065,5.2574128
"2024-07-04T19:00:00Z",29.6,29.6,29.6,87.633,87.633,87.633,1009.922,1009.922,1009.922,3.8205,4.255,3.386,167065,5.200022
"2024-07-04T20:00:00Z",30.6,30.6,30.6,86.533,86.533,86.533,1009.621,1009.621,1009.621,3.674,3.978,3.37,167065,5.038056
"2024-07-04T21:00:00Z",30.034,30.034,30.034,85.934,85.934,85.934,1009.217,1009.217,1009.217,3.3035,3.485,3.122,167065,4.8921372
"2024-07-04T22:00:00Z",29.967,29.967,29.967,86.633,86.633,86.633,1008.712,1008.712,1008.712,3.5715,3.839,3.304,167065,5.0382776
"2024-07-04T23:00:00Z",30.733,30.733,30.733,86.267,86.267,86.267,1008.375,1008.375,1008.375,3.5665,3.79,3.343,167065,4.9703944
"2024-07-04T00:00:00Z",27.834,27.834,27.834,89.1,89.1,89.1,1018.691,1018.691,1018.691,3.4105,3.3,3.521,167399,5.1356452
"2024-07-04T01:00:00Z",30.633,30.633,30.633,87.8,87.8,87.8,1018.27,1018.27,1018.27,4.0925,3.85,4.335,167399,5.2545384
"2024-07-04T02:00:00Z",33.334,33.334,33.334,84.8,84.8,84.8,1018.021,1018.021,1018.021,4.047,3.9,4.194,167399,5.0005712
"2024-07-04T03:00:00Z",36.8,36.8,36.8,80.966,80.966,80.966,1018.024,1018.024,1018.024,4.393,4.223,4.563,167399,4.886572
"2024-07-04T04:00:00Z",42.3,42.3,42.3,76.967,76.967,76.967,1018.344,1018.344,1018.344,4.747,4.578,4.916,167399,4.603468
"2024-07-04T05:00:00Z",45.767,45.767,45.767,74.367,74.367,74.367,1018.554,1018.554,1018.554,6.027,5.876,6.178,167399,4.9787996
"2024-07-04T06:00:00Z",47.767,47.767,47.767,72.566,72.566,72.566,1018.68,1018.68,1018.68,6.395,6.302,6.488,167399,5.0012316
"2024-07-04T07:00:00Z",50.433,50.433,50.433,70.833,70.833,70.833,1019.034,1019.034,1019.034,6.297,6.14,6.454,167399,4.7227364
"2024-07-04T08:00:00Z",53.633,53.633,53.633,69.4,69.4,69.4,1019.253,1019.253,1019.253,6.8605,6.65,7.071,167399,4.7453704
"2024-07-04T09:00:00Z",55.966,55.966,55.966,68.4,68.4,68.4,1019.434,1019.434,1019.434,6.7435,6.549,6.938,167399,4.4852908
"2024-07-04T10:00:00Z",57.733,57.733,57.733,67.034,67.034,67.034,1019.524,1019.524,1019.524,8.857,8.607,9.107,167399,5.4422164
"2024-07-04T11:00:00Z",58.833,58.833,58.833,66.133,66.133,66.133,1019.505,1019.505,1019.505,10.753,10.334,11.172,167399,6.3420004
"2024-07-04T12:00:00Z",57.834,57.834,57.834,65.2,65.2,65.2,1019.821,1019.821,1019.821,9.825,9.383,10.267,167399,5.9408432
"2024-07-04T13:00:00Z",60.033,60.033,60.033,64.7,64.7,64.7,1020.015,1020.015,1020.015,12.7565,12.369,13.144,167399,7.2895944
"2024-07-04T14:00:00Z",59.166,59.166,59.166,67.2,67.2,67.2,1020.014,1020.014,1020.014,13.633,13.397,13.869,167399,7.8227488
"2024-07-04T15:00:00Z",52.034,52.034,52.034,72.333,72.333,72.333,1020.001,1020.001,1020.001,9.2805,9.152,9.409,167399,6.1496852
"2024-07-04T16:00:00Z",47.9,47.9,47.9,75.233,75.233,75.233,1019.788,1019.788,1019.788,6.307,6.133,6.481,167399,4.943788
"2024-07-04T17:00:00Z",43.3,43.3,43.3,78.133,78.133,78.133,1019.591,1019.591,1019.591,5.2335,5.177,5.29,167399,4.773194
"2024-07-04T18:00:00Z",37.6,37.6,37.6,81.6,81.6,81.6,1019.294,1019.294,1019.294,4.0325,3.935,4.13,167399,4.62951
"2024-07-04T19:00:00Z",31.733,31.733,31.733,88.466,88.466,88.466,1018.918,1018.918,1018.918,4.009,3.922,4.096,167399,5.1170644
"2024-07-04T20:00:00Z",28.067,28.067,28.067,93.233,93.233,93.233,1018.611,1018.611,1018.611,3.491,3.383,3.599,167399,5.1579756
"2024-07-04T21:00:00Z",26.066,26.066,26.066,95.6,95.6,95.6,1018.12,1018.12,1018.12,3.0235,2.882,3.165,167399,5.0834908
"2024-07-04T22:00:00Z",25.6,25.6,25.6,95.467,95.467,95.467,1017.671,1017.671,1017.671,2.9555,2.789,3.122,167399,5.087562
"2024-07-04T23:00:00Z",25.8,25.8,25.8,95,95,95,1017.295,1017.295,1017.295,2.5295,2.354,2.705,167399,4.847298
"2024-07-04T00:00:00Z",29.367,29.367,29.367,84.667,84.667,84.667,1015.799,1015.799,1015.799,2.656,2.955,2.357,167413,4.6096756
"2024-07-04T01:00:00Z",30.6,30.6,30.6,84.666,84.666,84.666,1015.444,1015.444,1015.444,3.027,3.229,2.825,167413,4.699028
"2024-07-04T02:00:00Z",33.667,33.667,33.667,84.466,84.466,84.466,1015.236,1015.236,1015.236,4.009,4.109,3.909,167413,4.9522876
"2024-07-04T03:00:00Z",34.9,34.9,34.9,83.066,83.066,83.066,1015.176,1015.176,1015.176,4.6175,4.414,4.821,167413,5.16609
"2024-07-04T04:00:00Z",36.033,36.033,36.033,81.967,81.967,81.967,1015.42,1015.42,1015.42,5.9975,5.763,6.232,167413,5.7926784
"2024-07-04T05:00:00Z",39.567,39.567,39.567,79.834,79.834,79.834,1015.638,1015.638,1015.638,9.4955,9.197,9.794,167413,7.3245336
"2024-07-04T06:00:00Z",41.666,41.666,41.666,77.733,77.733,77.733,1015.762,1015.762,1015.762,7.46,7.348,7.572,167413,6.0790968
"2024-07-04T07:00:00Z",41.9,41.9,41.9,76.3,76.3,76.3,1016.043,1016.043,1016.043,5.3115,5.154,5.469,167413,4.933346
"2024-07-04T08:00:00Z",44.267,44.267,44.267,75.167,75.167,75.167,1016.323,1016.323,1016.323,13.315,13.141,13.489,167413,8.9255116
"2024-07-04T09:00:00Z",45.5,45.5,45.5,73.633,73.633,73.633,1016.424,1016.424,1016.424,4.972,4.94,5.004,167413,4.448728
"2024-07-04T10:00:00Z",48.333,48.333,48.333,72.167,72.167,72.167,1016.494,1016.494,1016.494,6.86,6.731,6.989,167413,5.1966684
"2024-07-04T11:00:00Z",50.466,50.466,50.466,71.4,71.4,71.4,1016.502,1016.502,1016.502,8.7355,8.45,9.021,167413,5.9976988
"2024-07-04T12:00:00Z",50.9,50.9,50.9,70.8,70.8,70.8,1016.858,1016.858,1016.858,11.2495,10.931,11.568,167413,7.278058
"2024-07-04T13:00:00Z",52.6,52.6,52.6,70.3,70.3,70.3,1017.072,1017.072,1017.072,10.533,10.161,10.905,167413,6.757772
"2024-07-04T14:00:00Z",49.966,49.966,49.966,72.433,72.433,72.433,1017.093,1017.093,1017.093,7.7505,7.608,7.893,167413,5.5241588
"2024-07-04T15:00:00Z",44.534,44.534,44.534,76.133,76.133,76.133,1017.135,1017.135,1017.135,4.749,4.571,4.927,167413,4.4141792
"2024-07-04T16:00:00Z",33.833,33.833,33.833,85.5,85.5,85.5,1017.029,1017.029,1017.029,3.6145,3.663,3.566,167413,4.7314264
"2024-07-04T17:00:00Z",30.633,30.633,30.633,88.333,88.333,88.333,1016.804,1016.804,1016.804,3.192,3.422,2.962,167413,4.7826764
"2024-07-04T18:00:00Z",32.767,32.767,32.767,84.667,84.667,84.667,1016.458,1016.458,1016.458,2.594,2.867,2.321,167413,4.2875076
"2024-07-04T19:00:00Z",32.133,32.133,32.133,84.767,84.767,84.767,1016.141,1016.141,1016.141,2.2365,2.508,1.965,167413,4.1541944
"2024-07-04T20:00:00Z",28.633,28.633,28.633,88.133,88.133,88.133,1015.811,1015.811,1015.811,1.697,2.01,1.384,167413,4.1696964
"2024-07-04T21:00:00Z",24.4,24.4,24.4,94.933,94.933,94.933,1015.356,1015.356,1015.356,1.6125,1.856,1.369,167413,4.48607
"2024-07-04T22:00:00Z",24.4,24.4,24.4,95.267,95.267,95.267,1014.86,1014.86,1014.86,2.161,2.401,1.921,167413,4.773484
"2024-07-04T23:00:00Z",24.733,24.733,24.733,92.7,92.7,92.7,1014.338,1014.338,1014.338,2.6955,3.016,2.375,167413,5.0251904
"2024-07-04T00:00:00Z",25.145,25.145,25.145,88.023,88.023,88.023,1011.3,1011.3,1011.3,2.974,2.892,3.056,171177,5.136022
"2024-07-04T01:00:00Z",29.067,29.067,29.067,86.6,86.6,86.6,1010.954,1010.954,1010.954,4.1545,4.03,4.279,171177,5.4204496
"2024-07-04T02:00:00Z",31.258,31.258,31.258,85.308,85.308,85.308,1010.796,1010.796,1010.796,4.662,4.548,4.776,171177,5.4997064
"2024-07-04T03:00:00Z",34.355,34.355,34.355,82.436,82.436,82.436,1010.692,1010.692,1010.692,4.975,4.914,5.036,171177,5.399854
"2024-07-04T04:00:00Z",40.333,40.333,40.333,76.317,76.317,76.317,1010.918,1010.918,1010.918,5.7625,5.761,5.764,171177,5.3031784
"2024-07-04T05:00:00Z",47.166,47.166,47.166,72.433,72.433,72.433,1011.163,1011.163,1011.163,6.452,6.354,6.55,171177,5.0823048
"2024-07-04T06:00:00Z",49.567,49.567,49.567,70.434,70.434,70.434,1011.246,1011.246,1011.246,6.911,6.886,6.936,171177,5.1182556
"2024-07-04T07:00:00Z",51.8,51.8,51.8,67.867,67.867,67.867,1011.534,1011.534,1011.534,5.254,5.234,5.274,171177,4.059736
"2024-07-04T08:00:00Z",53.466,53.466,53.466,67.034,67.034,67.034,1011.772,1011.772,1011.772,5.5515,5.52,5.583,171177,4.0736828
"2024-07-04T09:00:00Z",54.9,54.9,54.9,66.033,66.033,66.033,1011.882,1011.882,1011.882,6.6675,6.74,6.595,171177,4.53629
"2024-07-04T10:00:00Z",56.367,56.367,56.367,64.934,64.934,64.934,1011.947,1011.947,1011.947,7.2385,7.171,7.306,171177,4.7105056
"2024-07-04T11:00:00Z",57.85,57.85,57.85,64.591,64.591,64.591,1011.932,1011.932,1011.932,8.2935,8.216,8.371,171177,5.136974
"2024-07-04T12:00:00Z",57.466,57.466,57.466,65.6,65.6,65.6,1012.226,1012.226,1012.226,7.7735,7.787,7.76,171177,4.8972108
"2024-07-04T13:00:00Z",43.917,43.917,43.917,75.166,75.166,75.166,1012.426,1012.426,1012.426,6.7345,6.7,6.769,171177,5.5071496
"2024-07-04T14:00:00Z",42.008,42.008,42.008,76.25,76.25,76.25,1012.491,1012.491,1012.491,5.411,5.295,5.527,171177,4.9762824
"2024-07-04T15:00:00Z",42.947,42.947,42.947,74.664,74.664,74.664,1012.57,1012.57,1012.57,4.2415,4.247,4.236,171177,4.2834616
"2024-07-04T16:00:00Z",39.058,39.058,39.058,77.489,77.489,77.489,1012.502,1012.502,1012.502,4.1325,4.074,4.191,171177,4.5576884
"2024-07-04T17:00:00Z",35.317,35.317,35.317,80,80,80,1012.375,1012.375,1012.375,3.631,3.534,3.728,171177,4.6136356
"2024-07-04T18:00:00Z",33.433,33.433,33.433,82,82,82,1012.067,1012.067,1012.067,3.632,3.546,3.718,171177,4.7746764
"2024-07-04T19:00:00Z",30.367,30.367,30.367,83.8,83.8,83.8,1011.706,1011.706,1011.706,2.6825,2.591,2.774,171177,4.5383616
"2024-07-04T20:00:00Z",28.434,28.434,28.434,86.1,86.1,86.1,1011.394,1011.394,1011.394,2.4025,2.283,2.522,171177,4.5563332
"2024-07-04T21:00:00Z",28.1,28.1,28.1,86.767,86.767,86.767,1010.911,1010.911,1010.911,2.3665,2.286,2.447,171177,4.565926
"2024-07-04T22:00:00Z",26.7,26.7,26.7,88.933,88.933,88.933,1010.473,1010.473,1010.473,2.383,2.497,2.269,171177,4.693852
"2024-07-04T23:00:00Z",25.209,25.209,25.209,90.93,90.93,90.93,1010.055,1010.055,1010.055,2.59,2.907,2.273,171177,4.9293532
"2024-07-04T00:00:00Z",18.467,18.467,18.467,98.834,98.834,98.834,1014.595,1014.595,1014.595,2.8455,2.497,3.194,171181,5.6376536
"2024-07-04T01:00:00Z",21.233,21.233,21.233,92.567,92.567,92.567,1014.163,1014.163,1014.163,3.162,2.879,3.445,171181,5.5678364
"2024-07-04T02:00:00Z",29.166,29.166,29.166,84.534,84.534,84.534,1013.956,1013.956,1013.956,4.4625,4.463,4.462,171181,5.5734068
"2024-07-04T03:00:00Z",33.5,33.5,33.5,82.166,82.166,82.166,1013.964,1013.964,1013.964,5.066,5.151,4.981,171181,5.520384
"2024-07-04T04:00:00Z",33.534,33.534,33.534,81.5,81.5,81.5,1014.21,1014.21,1014.21,5.568,5.766,5.37,171181,5.7805352
"2024-07-04T05:00:00Z",37.8,37.8,37.8,78.8,78.8,78.8,1014.448,1014.448,1014.448,9.7005,9.962,9.439,171181,7.582502
"2024-07-04T06:00:00Z",40.467,40.467,40.467,76.767,76.767,76.767,1014.582,1014.582,1014.582,9.875,10.156,9.594,171181,7.4467116
"2024-07-04T07:00:00Z",43.033,43.033,43.033,74.1,74.1,74.1,1014.938,1014.938,1014.938,9.011,9.206,8.816,171181,6.7753524
"2024-07-04T08:00:00Z",44.7,44.7,44.7,72.433,72.433,72.433,1015.188,1015.188,1015.188,8.1205,8.228,8.013,171181,6.166702
"2024-07-04T09:00:00Z",45.6,45.6,45.6,71.4,71.4,71.4,1015.288,1015.288,1015.288,7.3285,7.538,7.119,171181,5.675014
"2024-07-04T10:00:00Z",48.666,48.666,48.666,69.966,69.966,69.966,1015.353,1015.353,1015.353,7.725,7.883,7.567,171181,5.6215568
"2024-07-04T11:00:00Z",50.567,50.567,50.567,68.267,68.267,68.267,1015.38,1015.38,1015.38,10.594,10.883,10.305,171181,6.9629476
"2024-07-04T12:00:00Z",51.434,51.434,51.434,67,67,67,1015.716,1015.716,1015.716,12.116,12.569,11.663,171181,7.6866072
"2024-07-04T13:00:00Z",50,50,50,68.933,68.933,68.933,1015.937,1015.937,1015.937,13.2485,13.548,12.949,171181,8.402214
"2024-07-04T14:00:00Z",46.834,46.834,46.834,71.633,71.633,71.633,1015.957,1015.957,1015.957,14.771,15.082,14.46,171181,9.4697472
"2024-07-04T15:00:00Z",41.466,41.466,41.466,75.3,75.3,75.3,1015.955,1015.955,1015.955,5.934,6.145,5.723,171181,5.2965128
"2024-07-04T16:00:00Z",37.367,37.367,37.367,77.6,77.6,77.6,1015.853,1015.853,1015.853,4.5495,4.61,4.489,171181,4.9202696
"2024-07-04T17:00:00Z",33.4,33.4,33.4,81.034,81.034,81.034,1015.678,1015.678,1015.678,7.1755,7.297,7.054,171181,6.634282
"2024-07-04T18:00:00Z",30.334,30.334,30.334,82.733,82.733,82.733,1015.332,1015.332,1015.332,3.161,3.219,3.103,171181,4.7919072
"2024-07-04T19:00:00Z",27.334,27.334,27.334,86,86,86,1014.986,1014.986,1014.986,3.005,3.029,2.981,171181,4.9657632
"2024-07-04T20:00:00Z",24.966,24.966,24.966,87.967,87.967,87.967,1014.645,1014.645,1014.645,2.373,2.411,2.335,171181,4.8363488
"2024-07-04T21:00:00Z",24.5,24.5,24.5,90.4,90.4,90.4,1014.172,1014.172,1014.172,2.2505,2.237,2.264,171181,4.811862
"2024-07-04T22:00:00Z",21.2,21.2,21.2,95.4,95.4,95.4,1013.682,1013.682,1013.682,2.4045,2.3,2.509,171181,5.173718
"2024-07-04T23:00:00Z",18.366,18.366,18.366,99,99,99,1013.185,1013.185,1013.185,2.7115,2.484,2.939,171181,5.5760428
"2024-07-04T00:00:00Z",25.6,25.6,25.6,85.7,85.7,85.7,1018.688,1018.688,1018.688,2.638,3.209,2.067,171217,4.921192
"2024-07-04T01:00:00Z",31.233,31.233,31.233,82.267,82.267,82.267,1018.278,1018.278,1018.278,4.297,4.767,3.827,171217,5.3105764
"2024-07-04T02:00:00Z",36.9,36.9,36.9,78.666,78.666,78.666,1018.074,1018.074,1018.074,5.456,5.76,5.152,171217,5.435064
"2024-07-04T03:00:00Z",35.8,35.8,35.8,77.767,77.767,77.767,1017.972,1017.972,1017.972,5.75,6.064,5.436,171217,5.68284
"2024-07-04T00:00:00Z",24.034,24.034,NA,89.933,89.933,NA,1012.858,1012.858,NA,3.1455,3.114,3.177,173501,5.3205452
"2024-07-04T01:00:00Z",23.7,23.7,NA,92.4,92.4,NA,1012.476,1012.476,NA,3.687,3.868,3.506,173501,5.632748
"2024-07-04T02:00:00Z",26.2,26.2,NA,91.267,91.267,NA,1012.138,1012.138,NA,4.8665,4.927,4.806,173501,6.037806
"2024-07-04T03:00:00Z",31.8,31.8,NA,83.3,83.3,NA,1012.135,1012.135,NA,5.3765,5.392,5.361,173501,5.827926
"2024-07-04T04:00:00Z",36.433,36.433,NA,79.133,79.133,NA,1012.404,1012.404,NA,7.4895,7.584,7.395,173501,6.5404064
"2024-07-04T05:00:00Z",41.966,41.966,NA,75.7,75.7,NA,1012.615,1012.615,NA,13.462,13.781,13.143,173501,9.1985848
"2024-07-04T06:00:00Z",45.4,45.4,NA,73.067,73.067,NA,1012.789,1012.789,NA,17.1675,17.417,16.918,173501,10.84769
"2024-07-04T07:00:00Z",47,47,NA,71.066,71.066,NA,1013.106,1013.106,NA,8.051,8.101,8.001,173501,5.934324
"2024-07-04T08:00:00Z",49.2,49.2,NA,69.4,69.4,NA,1013.271,1013.271,NA,8.6355,8.725,8.546,173501,6.053162
"2024-07-04T09:00:00Z",52.133,52.133,NA,67.1,67.1,NA,1013.416,1013.416,NA,10.4345,10.832,10.037,173501,6.7459464
"2024-07-04T10:00:00Z",56.5,56.5,NA,64.933,64.933,NA,1013.487,1013.487,NA,10.4845,10.73,10.239,173501,6.400078
"2024-07-04T11:00:00Z",59.167,59.167,NA,63.867,63.867,NA,1013.488,1013.488,NA,10.8735,11.288,10.459,173501,6.3766856
"2024-07-04T12:00:00Z",60.1,60.1,NA,62.666,62.666,NA,1013.887,1013.887,NA,11.605,12.044,11.166,173501,6.6805
"2024-07-04T13:00:00Z",61.5,61.5,NA,63.467,63.467,NA,1014.027,1014.027,NA,12.727,12.889,12.565,173501,7.149148
"2024-07-04T14:00:00Z",57.867,57.867,NA,66.6,66.6,NA,1014.049,1014.049,NA,8.476,8.798,8.154,173501,5.2311556
"2024-07-04T15:00:00Z",54.867,54.867,NA,68.133,68.133,NA,1014.087,1014.087,NA,8.9355,8.996,8.875,173501,5.7275336
"2024-07-04T16:00:00Z",51.233,51.233,NA,70.233,70.233,NA,1013.913,1013.913,NA,6.647,6.693,6.601,173501,4.8379764
"2024-07-04T17:00:00Z",46.903,46.903,NA,72.466,72.466,NA,1013.874,1013.874,NA,6.1245,6.166,6.083,173501,4.9331024
"2024-07-04T18:00:00Z",41.758,41.758,NA,74.925,74.925,NA,1013.457,1013.457,NA,4.424,4.496,4.352,173501,4.4803944
"2024-07-04T19:00:00Z",38.567,38.567,NA,77.7,77.7,NA,1013.221,1013.221,NA,4.8545,4.845,4.864,173501,4.9778496
"2024-07-04T20:00:00Z",35.3,35.3,NA,81.033,81.033,NA,1012.901,1012.901,NA,4.561,4.55,4.572,173501,5.102404
"2024-07-04T21:00:00Z",30.5,30.5,NA,85.066,85.066,NA,1012.333,1012.333,NA,3.287,3.287,3.287,173501,4.843788
"2024-07-04T22:00:00Z",27.6,27.6,NA,89.367,89.367,NA,1011.92,1011.92,NA,3.888,3.867,3.909,173501,5.405792
"2024-07-04T23:00:00Z",25.8,25.8,NA,91.9,91.9,NA,1011.409,1011.409,NA,4.4745,4.591,4.358,173501,5.866478
"2024-07-04T00:00:00Z",29,29,29,88.8,88.8,88.8,1023.111,1023.111,1023.111,0.0475,0.032,0.063,174613,3.27409
"2024-07-04T01:00:00Z",28.8,28.8,28.8,89.3,89.3,89.3,1022.818,1022.818,1022.818,0.1315,0.134,0.129,174613,3.335146
"2024-07-04T02:00:00Z",27.4,27.4,27.4,91.034,91.034,91.034,1022.59,1022.59,1022.59,1.0215,0.991,1.052,174613,3.920786
"2024-07-04T03:00:00Z",26.934,26.934,26.934,91,91,91,1022.461,1022.461,1022.461,1.4365,1.467,1.406,174613,4.1779492
"2024-07-04T04:00:00Z",27,27,27,91.2,91.2,91.2,1022.768,1022.768,1022.768,1.2825,1.289,1.276,174613,4.09163
"2024-07-04T05:00:00Z",27,27,27,91.9,91.9,91.9,1022.945,1022.945,1022.945,0.3015,0.274,0.329,174613,3.577586
"2024-07-04T06:00:00Z",27.434,27.434,27.434,92,92,92,1023.075,1023.075,1023.075,0.083,0.075,0.091,174613,3.4261152
"2024-07-04T07:00:00Z",28,28,28,91.133,91.133,91.133,1023.445,1023.445,1023.445,0.0245,0.024,0.025,174613,3.347238
"2024-07-04T08:00:00Z",28,28,28,91,91,91,1023.703,1023.703,1023.703,0.0145,0.01,0.019,174613,3.341998
"2024-07-04T09:00:00Z",28,28,28,91,91,91,1023.783,1023.783,1023.783,0.025,0.033,0.017,174613,3.3475
"2024-07-04T10:00:00Z",28,28,28,91,91,91,1023.876,1023.876,1023.876,0.023,0.029,0.017,174613,3.346452
"2024-07-04T11:00:00Z",28,28,28,91,91,91,1023.842,1023.842,1023.842,0.056,0.062,0.05,174613,3.363744
"2024-07-04T12:00:00Z",28,28,28,91,91,91,1024.162,1024.162,1024.162,0.116,0.122,0.11,174613,3.395184
"2024-07-04T13:00:00Z",27.934,27.934,27.934,91.3,91.3,91.3,1024.345,1024.345,1024.345,0.026,0.023,0.029,174613,3.3536472
"2024-07-04T14:00:00Z",28,28,28,92,92,92,1024.419,1024.419,1024.419,0.167,0.157,0.177,174613,3.421908
"2024-07-04T15:00:00Z",27.367,27.367,27.367,92.667,92.667,92.667,1024.514,1024.514,1024.514,7.002,7.121,6.883,174613,7.0573796
"2024-07-04T16:00:00Z",27.367,27.367,27.367,92.034,92.034,92.034,1024.423,1024.423,1024.423,1.3445,1.384,1.305,174613,4.0928496
"2024-07-04T17:00:00Z",27.867,27.867,27.867,92,92,92,1024.251,1024.251,1024.251,1.739,1.782,1.696,174613,4.2569676
"2024-07-04T18:00:00Z",27.733,27.733,27.733,92,92,92,1023.893,1023.893,1023.893,1.3895,1.38,1.399,174613,4.0852464
"2024-07-04T19:00:00Z",26.133,26.133,26.133,92.567,92.567,92.567,1023.476,1023.476,1023.476,1.0945,1.054,1.135,174613,4.0669864
"2024-07-04T20:00:00Z",25.7,25.7,25.7,92.034,92.034,92.034,1023.162,1023.162,1023.162,0.672,0.651,0.693,174613,3.882488
"2024-07-04T21:00:00Z",25.367,25.367,25.367,92,92,92,1022.672,1022.672,1022.672,0.5015,0.447,0.556,174613,3.8215176
"2024-07-04T22:00:00Z",27,27,27,92,92,92,1022.247,1022.247,1022.247,0.6835,0.619,0.748,174613,3.777754
"2024-07-04T23:00:00Z",26.4,26.4,26.4,92.8,92.8,92.8,1021.795,1021.795,1021.795,1.103,1.071,1.135,174613,4.048692
"2024-07-04T00:00:00Z",36.111,36.111,NA,83,83,NA,1016.839,1016.839,NA,3.573,3.3,3.846,17663,4.5155948
"2024-07-04T01:00:00Z",39.133,39.133,NA,82.7,82.7,NA,1016.42,1016.42,NA,4.5355,4.185,4.886,17663,4.7624704
"2024-07-04T02:00:00Z",39.367,39.367,NA,81.767,81.767,NA,1016.204,1016.204,NA,4.33,3.95,4.71,17663,4.6348516
"2024-07-04T03:00:00Z",40.934,40.934,NA,80.2,80.2,NA,1016.139,1016.139,NA,4.8235,4.447,5.2,17663,4.7599372
"2024-07-04T04:00:00Z",44.466,44.466,NA,76.534,76.534,NA,1016.426,1016.426,NA,6.8455,6.316,7.375,17663,5.5185388
"2024-07-04T05:00:00Z",46.7,46.7,NA,74.434,74.434,NA,1016.692,1016.692,NA,7.8575,7.254,8.461,17663,5.85849
"2024-07-04T06:00:00Z",47.4,47.4,NA,73.5,73.5,NA,1016.788,1016.788,NA,6.0905,5.611,6.57,17663,4.872942
"2024-07-04T07:00:00Z",50.534,50.534,NA,71.566,71.566,NA,1017.098,1017.098,NA,5.847,5.261,6.433,17663,4.4783312
"2024-07-04T08:00:00Z",54.767,54.767,NA,69.867,69.867,NA,1017.348,1017.348,NA,5.7775,5.181,6.374,17663,4.0812616
"2024-07-04T09:00:00Z",57.867,57.867,NA,68.166,68.166,NA,1017.496,1017.496,NA,7.367,6.699,8.035,17663,4.6500396
"2024-07-04T10:00:00Z",59,59,NA,68,68,NA,1017.668,1017.668,NA,9.0165,8.429,9.604,17663,5.417846
"2024-07-04T11:00:00Z",60.567,60.567,NA,67,67,NA,1017.643,1017.643,NA,9.123,8.59,9.656,17663,5.3401436
"2024-07-04T12:00:00Z",61.3,61.3,NA,66.8,66.8,NA,1017.982,1017.982,NA,9.995,9.662,10.328,17663,5.73462
"2024-07-04T13:00:00Z",61.966,61.966,NA,66.733,66.733,NA,1018.179,1018.179,NA,9.0385,8.54,9.537,17663,5.1766708
"2024-07-04T14:00:00Z",58.067,58.067,NA,69.967,69.967,NA,1018.135,1018.135,NA,14.087,13.092,15.082,17663,8.1542796
"2024-07-04T15:00:00Z",49.166,49.166,NA,76.9,76.9,NA,1018.072,1018.072,NA,11.746,10.87,12.622,17663,7.6859608
"2024-07-04T16:00:00Z",40.666,40.666,NA,83.434,83.434,NA,1017.815,1017.815,NA,5.544,5.075,6.013,17663,5.1603128
"2024-07-04T17:00:00Z",37.3,37.3,NA,86.2,86.2,NA,1017.574,1017.574,NA,4.427,4.085,4.769,17663,4.861788
"2024-07-04T18:00:00Z",35.533,35.533,NA,87.9,87.9,NA,1017.296,1017.296,NA,3.7315,3.663,3.8,17663,4.6478944
"2024-07-04T19:00:00Z",34.667,34.667,NA,88.2,88.2,NA,1016.963,1016.963,NA,3.871,3.966,3.776,17663,4.7947756
"2024-07-04T20:00:00Z",34,34,NA,88,88,NA,1016.667,1016.667,NA,3.127,3.325,2.929,17663,4.461748
"2024-07-04T21:00:00Z",33.4,33.4,NA,88.367,88.367,NA,1016.215,1016.215,NA,2.982,3.123,2.841,17663,4.436888
"2024-07-04T22:00:00Z",33.633,33.633,NA,88.934,88.934,NA,1015.713,1015.713,NA,2.897,3.021,2.773,17663,4.3724964
"2024-07-04T23:00:00Z",34.133,34.133,NA,87.867,87.867,NA,1015.349,1015.349,NA,3.032,3.122,2.942,17663,4.4006364
"2024-07-04T00:00:00Z",28.733,28.733,28.733,86.733,86.733,86.733,1011.243,1011.243,1011.243,3.0265,3.06,2.993,177979,4.8578344
"2024-07-04T01:00:00Z",33.834,33.834,33.834,84.733,84.733,84.733,1010.865,1010.865,1010.865,4.2185,4.197,4.24,177979,5.0478372
"2024-07-04T02:00:00Z",37.4,37.4,37.4,82.5,82.5,82.5,1010.718,1010.718,1010.718,4.8705,4.838,4.903,177979,5.085662
"2024-07-04T03:00:00Z",38.334,38.334,38.334,81.267,81.267,81.267,1010.6,1010.6,1010.6,5.0605,5.025,5.096,177979,5.1056452
"2024-07-04T04:00:00Z",41.5,41.5,41.5,79.2,79.2,79.2,1010.843,1010.843,1010.843,7.6645,7.597,7.732,177979,6.200398
"2024-07-04T05:00:00Z",45.567,45.567,45.567,76.1,76.1,76.1,1011.058,1011.058,1011.058,6.265,6.266,6.264,177979,5.1205516
"2024-07-04T06:00:00Z",47.7,47.7,47.7,73.934,73.934,73.934,1011.144,1011.144,1011.144,5.605,5.563,5.647,177979,4.59298
"2024-07-04T07:00:00Z",47.966,47.966,47.966,73.1,73.1,73.1,1011.448,1011.448,1011.448,5.1445,5.066,5.223,177979,4.3290148
"2024-07-04T08:00:00Z",49.233,49.233,49.233,72.733,72.733,72.733,1011.675,1011.675,1011.675,7.891,7.731,8.051,177979,5.6602324
"2024-07-04T09:00:00Z",50.6,50.6,50.6,70.667,70.667,70.667,1011.74,1011.74,1011.74,6.126,6.143,6.109,177979,4.618904
"2024-07-04T10:00:00Z",52.133,52.133,52.133,69.733,69.733,69.733,1011.784,1011.784,1011.784,7.0725,7.182,6.963,177979,4.9842584
"2024-07-04T11:00:00Z",54.267,54.267,54.267,69,69,69,1011.757,1011.757,1011.757,8.447,8.534,8.36,177979,5.5226796
"2024-07-04T12:00:00Z",55.133,55.133,55.133,68.4,68.4,68.4,1012.085,1012.085,1012.085,7.806,8,7.612,177979,5.1130124
"2024-07-04T13:00:00Z",55.666,55.666,55.666,69.566,69.566,69.566,1012.278,1012.278,1012.278,7.2105,7.265,7.156,177979,4.7555588
"2024-07-04T14:00:00Z",52.266,52.266,52.266,71.733,71.733,71.733,1012.343,1012.343,1012.343,6.3785,6.444,6.313,177979,4.6092708
"2024-07-04T15:00:00Z",48.966,48.966,48.966,73.6,73.6,73.6,1012.433,1012.433,1012.433,5.042,4.934,5.15,177979,4.1901048
"2024-07-04T16:00:00Z",46.067,46.067,46.067,75.867,75.867,75.867,1012.335,1012.335,1012.335,4.569,4.691,4.447,177979,4.1892476
"2024-07-04T17:00:00Z",42.034,42.034,42.034,78.666,78.666,78.666,1012.213,1012.213,1012.213,3.991,4.002,3.98,177979,4.2299872
"2024-07-04T18:00:00Z",38.367,38.367,38.367,81.667,81.667,81.667,1011.903,1011.903,1011.903,3.56,3.485,3.635,177979,4.3165716
"2024-07-04T19:00:00Z",35.133,35.133,35.133,83.767,83.767,83.767,1011.546,1011.546,1011.546,2.8695,2.877,2.862,177979,4.2302864
"2024-07-04T20:00:00Z",31.733,31.733,31.733,86.867,86.867,86.867,1011.273,1011.273,1011.273,2.4865,2.466,2.507,177979,4.3192744
"2024-07-04T21:00:00Z",30.4,30.4,30.4,88.5,88.5,88.5,1010.782,1010.782,1010.782,2.153,2.113,2.193,177979,4.258092
"2024-07-04T22:00:00Z",30.1,30.1,30.1,89.667,89.667,89.667,1010.343,1010.343,1010.343,2.478,2.479,2.477,177979,4.453952
"2024-07-04T23:00:00Z",28.966,28.966,28.966,90.667,90.667,90.667,1009.9,1009.9,1009.9,3.334,3.314,3.354,177979,4.9991128
"2024-07-04T00:00:00Z",32.367,32.367,32.367,83.2,83.2,83.2,1015.072,1015.072,1015.072,2.8405,2.554,3.127,183851,4.4507536
"2024-07-04T01:00:00Z",31.9,31.9,31.9,83.6,83.6,83.6,1014.601,1014.601,1014.601,3.1075,2.877,3.338,183851,4.63045
"2024-07-04T02:00:00Z",33.6,33.6,33.6,82.733,82.733,82.733,1014.378,1014.378,1014.378,3.7175,3.484,3.951,183851,4.80525
"2024-07-04T03:00:00Z",37.434,37.434,37.434,81.133,81.133,81.133,1014.337,1014.337,1014.337,4.6415,4.46,4.823,183851,4.9627692
"2024-07-04T04:00:00Z",39.966,39.966,39.966,79.334,79.334,79.334,1014.62,1014.62,1014.62,10.111,10.187,10.035,183851,7.6130608
"2024-07-04T05:00:00Z",45.034,45.034,45.034,75.933,75.933,75.933,1014.844,1014.844,1014.844,16.4945,16.437,16.552,183851,10.5262212
"2024-07-04T06:00:00Z",49.066,49.066,49.066,73.267,73.267,73.267,1015.005,1015.005,1015.005,16.364,16.565,16.163,183851,10.1143128
"2024-07-04T07:00:00Z",51,51,51,71.3,71.3,71.3,1015.366,1015.366,1015.366,13.885,13.994,13.776,183851,8.65054
"2024-07-04T08:00:00Z",53.367,53.367,53.367,69.233,69.233,69.233,1015.598,1015.598,1015.598,11.7125,11.737,11.688,183851,7.3104816
"2024-07-04T09:00:00Z",54.9,54.9,54.9,67.834,67.834,67.834,1015.662,1015.662,1015.662,12.545,12.846,12.244,183851,7.6161
"2024-07-04T10:00:00Z",56.233,56.233,56.233,66.8,66.8,66.8,1015.712,1015.712,1015.712,12.04,12.366,11.714,183851,7.2379084
"2024-07-04T11:00:00Z",56.633,56.633,56.633,65.633,65.633,65.633,1015.776,1015.776,1015.776,10.848,11.087,10.609,183851,6.5792204
"2024-07-04T12:00:00Z",56.966,56.966,56.966,64.934,64.934,64.934,1016.071,1016.071,1016.071,12.069,12.234,11.904,183851,7.1906528
"2024-07-04T13:00:00Z",56.1,56.1,56.1,66.733,66.733,66.733,1016.262,1016.262,1016.262,12.35,12.301,12.399,183851,7.41168
"2024-07-04T14:00:00Z",40.267,40.267,40.267,82.034,82.034,82.034,1016.248,1016.248,1016.248,8.976,9.014,8.938,183851,6.9926756
"2024-07-04T15:00:00Z",30.133,30.133,30.133,89.567,89.567,89.567,1016.188,1016.188,1016.188,4.8485,4.702,4.995,183851,5.6932824
"2024-07-04T16:00:00Z",27,27,27,91.466,91.466,91.466,1016.048,1016.048,1016.048,2.4615,2.357,2.566,183851,4.709426
"2024-07-04T17:00:00Z",24.6,24.6,24.6,94.2,94.2,94.2,1015.915,1015.915,1015.915,2.0525,1.917,2.188,183851,4.69959
"2024-07-04T18:00:00Z",23.367,23.367,23.367,94.767,94.767,94.767,1015.569,1015.569,1015.569,2.293,2.173,2.413,183851,4.9306636
"2024-07-04T19:00:00Z",23.934,23.934,23.934,94.8,94.8,94.8,1015.188,1015.188,1015.188,2.4255,2.324,2.527,183851,4.9517852
"2024-07-04T20:00:00Z",26.066,26.066,26.066,91.534,91.534,91.534,1014.903,1014.903,1014.903,2.182,2.002,2.362,183851,4.6425448
"2024-07-04T21:00:00Z",27.066,27.066,27.066,89.267,89.267,89.267,1014.414,1014.414,1014.414,2.392,2.196,2.588,183851,4.6673848
"2024-07-04T22:00:00Z",26.434,26.434,26.434,88.566,88.566,88.566,1014.003,1014.003,1014.003,2.101,1.946,2.256,183851,4.5687472
"2024-07-04T23:00:00Z",24.4,24.4,24.4,88.7,88.7,88.7,1013.52,1013.52,1013.52,2.5595,2.393,2.726,183851,4.982298
"2024-07-04T00:00:00Z",22.966,22.966,22.966,94.9,94.9,94.9,1012.139,1012.139,1012.139,2.87,3.12,2.62,183853,5.2671768
"2024-07-04T01:00:00Z",28.605,28.605,28.605,87.93,87.93,87.93,1011.708,1011.708,1011.708,4.5535,4.591,4.516,183853,5.668888
"2024-07-04T02:00:00Z",34.4,34.4,34.4,83.7,83.7,83.7,1011.518,1011.518,1011.518,5.645,5.71,5.58,183853,5.7471
"2024-07-04T03:00:00Z",35.4,35.4,35.4,81.267,81.267,81.267,1011.442,1011.442,1011.442,5.4425,5.548,5.337,183853,5.55579
"2024-07-04T04:00:00Z",40.466,40.466,40.466,78.167,78.167,78.167,1011.726,1011.726,1011.726,9.86,10.023,9.697,183853,7.4389368
"2024-07-04T05:00:00Z",44.733,44.733,44.733,75.434,75.434,75.434,1011.938,1011.938,1011.938,16.1025,16.367,15.838,183853,10.3464584
"2024-07-04T06:00:00Z",46.734,46.734,46.734,73.166,73.166,73.166,1012.034,1012.034,1012.034,13.107,13.28,12.934,183853,8.6063312
"2024-07-04T07:00:00Z",47.639,47.639,47.639,71.916,71.916,71.916,1012.37,1012.37,1012.37,7.6125,7.799,7.426,183853,5.6501072
"2024-07-04T08:00:00Z",49.767,49.767,49.767,70.4,70.4,70.4,1012.563,1012.563,1012.563,7.15,7.289,7.011,183853,5.2264516
"2024-07-04T09:00:00Z",51.967,51.967,51.967,68.733,68.733,68.733,1012.663,1012.663,1012.663,7.978,8.153,7.803,183853,5.4728836
"2024-07-04T10:00:00Z",53.966,53.966,53.966,67.666,67.666,67.666,1012.747,1012.747,1012.747,9.15,9.444,8.856,183853,5.9166968
"2024-07-04T11:00:00Z",55.4,55.4,55.4,66.667,66.667,66.667,1012.712,1012.712,1012.712,13.313,13.356,13.27,183853,7.975932
"2024-07-04T12:00:00Z",56.8,56.8,56.8,66,66,66,1013.048,1013.048,1013.048,12.0935,12.243,11.944,183853,7.217634
"2024-07-04T13:00:00Z",58.067,58.067,58.067,66.9,66.9,66.9,1013.263,1013.263,1013.263,14.797,14.781,14.813,183853,8.5263196
"2024-07-04T14:00:00Z",53.9,53.9,53.9,70.8,70.8,70.8,1013.291,1013.291,1013.291,9.4675,9.555,9.38,183853,6.08869
"2024-07-04T15:00:00Z",47.6,47.6,47.6,75.8,75.8,75.8,1013.34,1013.34,1013.34,9.87,9.819,9.921,183853,6.83636
"2024-07-04T16:00:00Z",43.934,43.934,43.934,78.2,78.2,78.2,1013.244,1013.244,1013.244,6.726,6.736,6.716,183853,5.5012472
"2024-07-04T17:00:00Z",42.992,42.992,42.992,77.85,77.85,77.85,1013.101,1013.101,1013.101,7.1465,7.26,7.033,183853,5.8018476
"2024-07-04T18:00:00Z",40.8,40.8,40.8,78.767,78.767,78.767,1012.838,1012.838,1012.838,4.451,4.482,4.42,183853,4.576164
"2024-07-04T19:00:00Z",35.3,35.3,35.3,85.867,85.867,85.867,1012.509,1012.509,1012.509,4.6495,4.722,4.577,183853,5.148778
"2024-07-04T20:00:00Z",26.4,26.4,26.4,97.4,97.4,97.4,1012.195,1012.195,1012.195,3.7535,4.006,3.501,183853,5.437554
"2024-07-04T21:00:00Z",19.934,19.934,19.934,105.7,105.7,105.7,1011.721,1011.721,1011.721,2.27,2.458,2.082,183853,5.2111032
"2024-07-04T22:00:00Z",19.034,19.034,19.034,107.767,107.767,107.767,1011.187,1011.187,1011.187,2.1025,2.013,2.192,183853,5.2000132
"2024-07-04T23:00:00Z",20.566,20.566,20.566,104.333,104.333,104.333,1010.793,1010.793,1010.793,2.863,3.008,2.718,183853,5.4679888
"2024-07-04T00:00:00Z",27.3,27.3,27.3,87.934,87.934,87.934,1013.046,1013.046,1013.046,2.5305,2.697,2.364,183863,4.720022
"2024-07-04T01:00:00Z",29.6,29.6,29.6,89,89,89,1012.688,1012.688,1012.688,4.006,4.192,3.82,183863,5.297224
"2024-07-04T02:00:00Z",36.133,36.133,36.133,83.867,83.867,83.867,1012.472,1012.472,1012.472,5.184,5.393,4.975,183863,5.3578844
"2024-07-04T03:00:00Z",39.5,39.5,39.5,82.233,82.233,82.233,1012.382,1012.382,1012.382,5.214,5.262,5.166,183863,5.086736
"2024-07-04T04:00:00Z",43.534,43.534,43.534,79.233,79.233,79.233,1012.654,1012.654,1012.654,5.8785,5.981,5.776,183863,5.0912372
"2024-07-04T05:00:00Z",47.367,47.367,47.367,76.267,76.267,76.267,1012.875,1012.875,1012.875,5.922,6.129,5.715,183863,4.7874596
"2024-07-04T06:00:00Z",48.167,48.167,48.167,74.633,74.633,74.633,1012.993,1012.993,1012.993,5.523,5.645,5.401,183863,4.5102236
"2024-07-04T07:00:00Z",48.933,48.933,48.933,73.1,73.1,73.1,1013.331,1013.331,1013.331,5.0165,5.19,4.843,183863,4.1795544
"2024-07-04T08:00:00Z",49.534,49.534,49.534,72.034,72.034,72.034,1013.532,1013.532,1013.532,4.8805,5.013,4.748,183863,4.0570852
"2024-07-04T09:00:00Z",51.2,51.2,51.2,71.066,71.066,71.066,1013.61,1013.61,1013.61,5.891,6.128,5.654,183863,4.444644
"2024-07-04T10:00:00Z",52.767,52.767,52.767,69.434,69.434,69.434,1013.679,1013.679,1013.679,6.975,7.202,6.748,183863,4.8791516
"2024-07-04T11:00:00Z",53.933,53.933,53.933,69,69,69,1013.655,1013.655,1013.655,7.7525,7.826,7.679,183863,5.1872184
"2024-07-04T12:00:00Z",55.334,55.334,55.334,68.834,68.834,68.834,1013.96,1013.96,1013.96,7.157,7.309,7.005,183863,4.7558112
"2024-07-04T13:00:00Z",56.966,56.966,56.966,69.333,69.333,69.333,1014.158,1014.158,1014.158,6.9845,7.248,6.721,183863,4.5263748
"2024-07-04T14:00:00Z",53.333,53.333,53.333,71.267,71.267,71.267,1014.212,1014.212,1014.212,6.3325,6.484,6.181,183863,4.4942584
"2024-07-04T15:00:00Z",50.4,50.4,50.4,73.1,73.1,73.1,1014.322,1014.322,1014.322,5.354,5.553,5.155,183863,4.231416
"2024-07-04T16:00:00Z",46.666,46.666,46.666,75.667,75.667,75.667,1014.215,1014.215,1014.215,4.9705,5.149,4.792,183863,4.3485988
"2024-07-04T17:00:00Z",43.567,43.567,43.567,78.133,78.133,78.133,1014.067,1014.067,1014.067,4.4185,4.576,4.261,183863,4.3233856
"2024-07-04T18:00:00Z",39,39,39,81.1,81.1,81.1,1013.747,1013.747,1013.747,3.837,3.932,3.742,183863,4.407788
"2024-07-04T19:00:00Z",35.5,35.5,35.5,83.3,83.3,83.3,1013.374,1013.374,1013.374,3.432,3.552,3.312,183863,4.493768
"2024-07-04T20:00:00Z",33.267,33.267,33.267,84.733,84.733,84.733,1013.093,1013.093,1013.093,3.9505,4.083,3.818,183863,4.9557136
"2024-07-04T21:00:00Z",31.367,31.367,31.367,86.834,86.834,86.834,1012.624,1012.624,1012.624,2.2365,2.383,2.09,183863,4.2194576
"2024-07-04T22:00:00Z",30.633,30.633,30.633,89.1,89.1,89.1,1012.149,1012.149,1012.149,4.35,4.48,4.22,183863,5.3894684
"2024-07-04T23:00:00Z",28.6,28.6,28.6,92.166,92.166,92.166,1011.706,1011.706,1011.706,4.0405,4.214,3.867,183863,5.400502
"2024-07-04T00:00:00Z",26.1,26.1,26.1,87.666,87.666,87.666,1010.657,1010.657,1010.657,3.1475,3.222,3.073,183883,5.14557
"2024-07-04T01:00:00Z",27.233,27.233,27.233,87.033,87.033,87.033,1010.237,1010.237,1010.237,3.7665,3.877,3.656,183883,5.3733944
"2024-07-04T02:00:00Z",32,32,32,85.3,85.3,85.3,1009.995,1009.995,1009.995,5.1015,5.208,4.995,183883,5.666786
"2024-07-04T03:00:00Z",33.833,33.833,33.833,83.534,83.534,83.534,1009.943,1009.943,1009.943,5.7815,5.815,5.748,183883,5.8669344
"2024-07-04T04:00:00Z",37.3,37.3,37.3,80.5,80.5,80.5,1010.184,1010.184,1010.184,7.091,7.203,6.979,183883,6.257724
"2024-07-04T05:00:00Z",41.4,41.4,41.4,77.834,77.834,77.834,1010.417,1010.417,1010.417,13.8445,13.907,13.782,183883,9.447238
"2024-07-04T06:00:00Z",44.233,44.233,44.233,75.233,75.233,75.233,1010.522,1010.522,1010.522,17.12,17.053,17.187,183883,10.9222284
"2024-07-04T07:00:00Z",44.6,44.6,44.6,74.166,74.166,74.166,1010.808,1010.808,1010.808,13.6535,13.764,13.543,183883,9.074514
"2024-07-04T08:00:00Z",46.6,46.6,46.6,72.066,72.066,72.066,1011.029,1011.029,1011.029,10.6715,10.744,10.599,183883,7.341546
"2024-07-04T09:00:00Z",49,49,49,70.066,70.066,70.066,1011.132,1011.132,1011.132,11.119,11.195,11.043,183883,7.371556
"2024-07-04T10:00:00Z",50.6,50.6,50.6,69,69,69,1011.206,1011.206,1011.206,10.9215,11.021,10.822,183883,7.131746
"2024-07-04T11:00:00Z",51.267,51.267,51.267,68.1,68.1,68.1,1011.23,1011.23,1011.23,10.362,10.497,10.227,183883,6.7817396
"2024-07-04T12:00:00Z",51.9,51.9,51.9,66.966,66.966,66.966,1011.54,1011.54,1011.54,10.3375,10.634,10.041,183883,6.71497
"2024-07-04T13:00:00Z",52.534,52.534,52.534,69.667,69.667,69.667,1011.758,1011.758,1011.758,10.5055,10.642,10.369,183883,6.7489852
"2024-07-04T14:00:00Z",44.267,44.267,44.267,76.7,76.7,76.7,1011.769,1011.769,1011.769,6.979,6.952,7.006,183883,5.6054476
"2024-07-04T15:00:00Z",39.534,39.534,39.534,79.966,79.966,79.966,1011.793,1011.793,1011.793,6.851,7.018,6.684,183883,5.9416272
"2024-07-04T16:00:00Z",37.2,37.2,37.2,82.167,82.167,82.167,1011.663,1011.663,1011.663,6.2045,6.145,6.264,183883,5.801718
"2024-07-04T17:00:00Z",34.166,34.166,34.166,84.534,84.534,84.534,1011.536,1011.536,1011.536,5.465,5.486,5.444,183883,5.6727168
"2024-07-04T18:00:00Z",31.633,31.633,31.633,85.633,85.633,85.633,1011.253,1011.253,1011.253,3.8125,3.828,3.797,183883,5.0226184
"2024-07-04T19:00:00Z",30.267,30.267,30.267,87.733,87.733,87.733,1010.926,1010.926,1010.926,4.3045,4.365,4.244,183883,5.3968096
"2024-07-04T20:00:00Z",28.6,28.6,28.6,90.267,90.267,90.267,1010.588,1010.588,1010.588,4.0335,4.319,3.748,183883,5.396834
"2024-07-04T21:00:00Z",27.233,27.233,27.233,90.7,90.7,90.7,1010.158,1010.158,1010.158,2.865,3.337,2.393,183883,4.9010084
"2024-07-04T22:00:00Z",26.3,26.3,26.3,92.367,92.367,92.367,1009.615,1009.615,1009.615,3.5975,3.994,3.201,183883,5.36433
"2024-07-04T23:00:00Z",26.9,26.9,26.9,92.166,92.166,92.166,1009.232,1009.232,1009.232,3.825,4.222,3.428,183883,5.43242
"2024-07-04T00:00:00Z",23,23,23,88.834,88.834,88.834,1022.99,1022.99,1022.99,3.163,3.458,2.868,185377,5.417812
"2024-07-04T01:00:00Z",25.151,25.151,25.151,88.603,88.603,88.603,1022.519,1022.519,1022.519,4.1495,4.53,3.769,185377,5.7514728
"2024-07-04T02:00:00Z",28.975,28.975,28.975,85.925,85.925,85.925,1022.275,1022.275,1022.275,5.1335,5.468,4.799,185377,5.941284
"2024-07-04T03:00:00Z",33.067,33.067,33.067,82.066,82.066,82.066,1022.237,1022.237,1022.237,5.3245,5.522,5.127,185377,5.6927296
"2024-07-04T04:00:00Z",36.2,36.2,36.2,80.6,80.6,80.6,1022.59,1022.59,1022.59,21.9185,23.067,20.77,185377,14.121054
"2024-07-04T05:00:00Z",41.733,41.733,41.733,76.9,76.9,76.9,1022.824,1022.824,1022.824,70.472,72.141,68.803,185377,39.0916764
"2024-07-04T06:00:00Z",47.8,47.8,47.8,72.1,72.1,72.1,1022.96,1022.96,1022.96,53.488,55.219,51.757,185377,29.675152
"2024-07-04T07:00:00Z",49.567,49.567,49.567,70.233,70.233,70.233,1023.318,1023.318,1023.318,37.8915,39.425,36.358,185377,21.3520376
"2024-07-04T08:00:00Z",51.1,51.1,51.1,69.034,69.034,69.034,1023.551,1023.551,1023.551,21.5865,22.336,20.837,185377,12.677606
"2024-07-04T09:00:00Z",52.433,52.433,52.433,67.633,67.633,67.633,1023.686,1023.686,1023.686,19.3825,20.035,18.73,185377,11.4091384
"2024-07-04T10:00:00Z",54,54,54,66.233,66.233,66.233,1023.845,1023.845,1023.845,13.9045,14.552,13.257,185377,8.405158
"2024-07-04T11:00:00Z",55.933,55.933,55.933,64.466,64.466,64.466,1023.829,1023.829,1023.829,11.5095,12.084,10.935,185377,6.9854864
"2024-07-04T12:00:00Z",55.867,55.867,55.867,64.633,64.633,64.633,1024.152,1024.152,1024.152,14.501,14.741,14.261,185377,8.5586556
"2024-07-04T13:00:00Z",51.3,51.3,51.3,68.4,68.4,68.4,1024.362,1024.362,1024.362,15.1255,15.723,14.528,185377,9.275002
"2024-07-04T14:00:00Z",37.066,37.066,37.066,81.767,81.767,81.767,1024.361,1024.361,1024.361,13.2775,13.416,13.139,185377,9.5193868
"2024-07-04T15:00:00Z",28.3,28.3,28.3,88.733,88.733,88.733,1024.354,1024.354,1024.354,9.3225,9.506,9.139,185377,8.19383
"2024-07-04T16:00:00Z",29.834,29.834,29.834,86.733,86.733,86.733,1024.172,1024.172,1024.172,6.1565,6.45,5.863,185377,6.4041492
"2024-07-04T17:00:00Z",27.541,27.541,27.541,89.1,89.1,89.1,1023.96,1023.96,1023.96,8.549,8.981,8.117,185377,7.8531828
"2024-07-04T18:00:00Z",25.422,25.422,25.422,90.678,90.678,90.678,1023.652,1023.652,1023.652,4.029,4.388,3.67,185377,5.6652416
"2024-07-04T19:00:00Z",23.8,23.8,23.8,92.462,92.462,92.462,1023.273,1023.273,1023.273,4.099,4.409,3.789,185377,5.840116
"2024-07-04T20:00:00Z",22.4,22.4,22.4,93.7,93.7,93.7,1022.931,1022.931,1022.931,3.549,3.819,3.279,185377,5.671196
"2024-07-04T21:00:00Z",23.166,23.166,23.166,91.534,91.534,91.534,1022.406,1022.406,1022.406,3.1425,3.511,2.774,185377,5.3929268
"2024-07-04T22:00:00Z",23.533,23.533,23.533,91.967,91.967,91.967,1021.904,1021.904,1021.904,3.231,3.656,2.806,185377,5.4080324
"2024-07-04T23:00:00Z",24.3,24.3,24.3,91.767,91.767,91.767,1021.503,1021.503,1021.503,3.414,3.854,2.974,185377,5.438576
"2024-07-04T00:00:00Z",23,23,23,86.333,86.333,86.333,1010.772,1010.772,1010.772,2.773,2.596,2.95,192199,5.213452
"2024-07-04T01:00:00Z",26.2,26.2,26.2,86.133,86.133,86.133,1010.4,1010.4,1010.4,4.163,3.966,4.36,192199,5.669172
"2024-07-04T02:00:00Z",28.867,28.867,28.867,84.966,84.966,84.966,1010.197,1010.197,1010.197,4.754,4.534,4.974,192199,5.7516276
"2024-07-04T03:00:00Z",29,29,29,83.933,83.933,83.933,1010.086,1010.086,1010.086,50.212,48.268,52.156,192199,29.560288
"2024-07-04T04:00:00Z",31.4,31.4,31.4,82.7,82.7,82.7,1010.311,1010.311,1010.311,43.8975,42.446,45.349,192199,26.04701
"2024-07-04T05:00:00Z",34,34,34,80.1,80.1,80.1,1010.537,1010.537,1010.537,5.4,5.26,5.54,192199,5.6528
"2024-07-04T06:00:00Z",34.1,34.1,34.1,78.934,78.934,78.934,1010.609,1010.609,1010.609,4.7045,4.505,4.904,192199,5.279838
"2024-07-04T07:00:00Z",38.1,38.1,38.1,74.733,74.733,74.733,1010.922,1010.922,1010.922,4.3455,4.147,4.544,192199,4.750922
"2024-07-04T08:00:00Z",38.767,38.767,38.767,74.5,74.5,74.5,1011.138,1011.138,1011.138,4.633,4.457,4.809,192199,4.8447436
"2024-07-04T09:00:00Z",40.034,40.034,40.034,73.7,73.7,73.7,1011.195,1011.195,1011.195,5.3755,5.124,5.627,192199,5.1258652
"2024-07-04T10:00:00Z",42.133,42.133,42.133,72.933,72.933,72.933,1011.26,1011.26,1011.26,7.077,6.823,7.331,192199,5.8386164
"2024-07-04T11:00:00Z",41.966,41.966,41.966,73.267,73.267,73.267,1011.244,1011.244,1011.244,7.9365,7.646,8.227,192199,6.3032228
"2024-07-04T12:00:00Z",40.867,40.867,40.867,73.967,73.967,73.967,1011.564,1011.564,1011.564,7.5475,7.274,7.821,192199,6.1930216
"2024-07-04T13:00:00Z",37.3,37.3,37.3,78.1,78.1,78.1,1011.747,1011.747,1011.747,6.036,5.812,6.26,192199,5.704904
"2024-07-04T14:00:00Z",29.367,29.367,29.367,84.833,84.833,84.833,1011.768,1011.768,1011.768,5.5375,5.366,5.709,192199,6.1195816
"2024-07-04T15:00:00Z",28.534,28.534,28.534,85.633,85.633,85.633,1011.884,1011.884,1011.884,5.1495,4.886,5.413,192199,5.9872412
"2024-07-04T16:00:00Z",26.933,26.933,26.933,87.2,87.2,87.2,1011.824,1011.824,1011.824,4.6895,4.424,4.955,192199,5.8826064
"2024-07-04T17:00:00Z",26.034,26.034,26.034,88.367,88.367,88.367,1011.705,1011.705,1011.705,5.3695,5.149,5.59,192199,6.3155212
"2024-07-04T18:00:00Z",21.9,21.9,21.9,93.3,93.3,93.3,1011.42,1011.42,1011.42,6.7765,6.343,7.21,192199,7.405006
"2024-07-04T19:00:00Z",18.133,18.133,18.133,98.5,98.5,98.5,1011.082,1011.082,1011.082,10.2115,9.645,10.778,192199,9.5258944
"2024-07-04T20:00:00Z",16.233,16.233,16.233,100.334,100.334,100.334,1010.784,1010.784,1010.784,2.3145,1.921,2.708,192199,5.5497464
"2024-07-04T21:00:00Z",18.366,18.366,18.366,96.333,96.333,96.333,1010.319,1010.319,1010.319,1.8655,1.556,2.175,192199,5.1327388
"2024-07-04T22:00:00Z",24,24,24,89.034,89.034,89.034,1009.868,1009.868,1009.868,2.7975,2.611,2.984,192199,5.14109
"2024-07-04T23:00:00Z",23.633,23.633,23.633,90.633,90.633,90.633,1009.475,1009.475,1009.475,3.53,3.319,3.741,192199,5.5561884
"2024-07-04T00:00:00Z",20.634,20.634,20.634,88.233,88.233,88.233,1009.868,1009.868,1009.868,1.782,2.013,1.551,194473,4.8957512
"2024-07-04T01:00:00Z",21.434,21.434,21.434,88,88,88,1009.488,1009.488,1009.488,2.028,2.36,1.696,194473,4.9564952
"2024-07-04T02:00:00Z",22.233,22.233,22.233,88,88,88,1009.266,1009.266,1009.266,2.66,2.878,2.442,194473,5.2195884
"2024-07-04T03:00:00Z",22.8,22.8,22.8,87.633,87.633,87.633,1009.16,1009.16,1009.16,2.7295,2.884,2.575,194473,5.207698
"2024-07-04T04:00:00Z",21.967,21.967,21.967,87,87,87,1009.382,1009.382,1009.382,1.3525,1.519,1.186,194473,4.5571216
"2024-07-04T05:00:00Z",22.466,22.466,22.466,86.8,86.8,86.8,1009.551,1009.551,1009.551,0.8855,1.06,0.711,194473,4.2698988
"2024-07-04T06:00:00Z",22.7,22.7,22.7,86.034,86.034,86.034,1009.653,1009.653,1009.653,0.5245,0.675,0.374,194473,4.060798
"2024-07-04T07:00:00Z",23.8,23.8,23.8,86,86,86,1009.973,1009.973,1009.973,0.3785,0.452,0.305,194473,3.890574
"2024-07-04T08:00:00Z",24.466,24.466,24.466,86,86,86,1010.141,1010.141,1010.141,0.4005,0.505,0.296,194473,3.8453588
"2024-07-04T09:00:00Z",25,25,25,85.333,85.333,85.333,1010.217,1010.217,1010.217,0.4595,0.575,0.344,194473,3.830778
"2024-07-04T10:00:00Z",25.334,25.334,25.334,85,85,85,1010.287,1010.287,1010.287,0.546,0.665,0.427,194473,3.8476472
"2024-07-04T11:00:00Z",25.966,25.966,25.966,85,85,85,1010.276,1010.276,1010.276,0.732,0.845,0.619,194473,3.8912648
"2024-07-04T12:00:00Z",26,26,26,84.333,84.333,84.333,1010.55,1010.55,1010.55,0.9495,1.089,0.81,194473,4.002338
"2024-07-04T13:00:00Z",26,26,26,84,84,84,1010.71,1010.71,1010.71,0.8845,1.015,0.754,194473,3.968278
"2024-07-04T14:00:00Z",26.834,26.834,26.834,84,84,84,1010.792,1010.792,1010.792,2.1055,2.262,1.949,194473,4.5370252
"2024-07-04T15:00:00Z",27.867,27.867,27.867,84.367,84.367,84.367,1010.916,1010.916,1010.916,4.191,4.443,3.939,194473,5.5418156
"2024-07-04T16:00:00Z",27.267,27.267,27.267,85.867,85.867,85.867,1010.845,1010.845,1010.845,5.167,5.449,4.885,194473,6.1043596
"2024-07-04T17:00:00Z",25.6,25.6,25.6,87.733,87.733,87.733,1010.699,1010.699,1010.699,4.423,4.78,4.066,194473,5.856532
"2024-07-04T18:00:00Z",21.133,21.133,21.133,88.267,88.267,88.267,1010.389,1010.389,1010.389,2.5725,2.825,2.32,194473,5.2674584
"2024-07-04T19:00:00Z",20.233,20.233,20.233,89,89,89,1010.068,1010.068,1010.068,2.3415,2.563,2.12,194473,5.2230944
"2024-07-04T20:00:00Z",20.708,20.708,20.708,88.883,88.883,88.883,1009.784,1009.784,1009.784,1.754,2.006,1.502,194473,4.8747744
"2024-07-04T21:00:00Z",20.541,20.541,20.541,88.828,88.828,88.828,1009.363,1009.363,1009.363,1.648,1.896,1.4,194473,4.8334588
"2024-07-04T22:00:00Z",20.97,20.97,20.97,88.45,88.45,88.45,1008.971,1008.971,1008.971,1.724,1.943,1.505,194473,4.836732
"2024-07-04T23:00:00Z",21.008,21.008,21.008,87.745,87.745,87.745,1008.579,1008.579,1008.579,1.371,1.589,1.153,194473,4.6485224
"2024-07-04T00:00:00Z",27.9,27.9,NA,82.467,82.467,NA,1009.929,1009.929,NA,4.496,4.676,4.316,199129,5.698824
"2024-07-04T01:00:00Z",29.933,29.933,NA,80.666,80.666,NA,1009.481,1009.481,NA,4.758,4.944,4.572,199129,5.6629004
"2024-07-04T02:00:00Z",35.5,35.5,NA,78.633,78.633,NA,1009.15,1009.15,NA,5.915,6.165,5.665,199129,5.79486
"2024-07-04T03:00:00Z",39.266,39.266,NA,76.567,76.567,NA,1009.139,1009.139,NA,6.053,6.431,5.675,199129,5.5463088
"2024-07-04T04:00:00Z",44.933,44.933,NA,72.834,72.834,NA,1009.311,1009.311,NA,6.784,7.397,6.171,199129,5.4465244
"2024-07-04T05:00:00Z",48.9,48.9,NA,69.867,69.867,NA,1009.661,1009.661,NA,14.037,14.713,13.361,199129,8.909108
"2024-07-04T06:00:00Z",52.834,52.834,NA,67.267,67.267,NA,1009.801,1009.801,NA,11.984,12.581,11.387,199129,7.4981592
"2024-07-04T07:00:00Z",54.7,54.7,NA,65.5,65.5,NA,1010.088,1010.088,NA,22.188,23.072,21.304,199129,12.686072
"2024-07-04T08:00:00Z",55.466,55.466,NA,65.133,65.133,NA,1010.219,1010.219,NA,13.9905,14.552,13.429,199129,8.3253188
"2024-07-04T09:00:00Z",55.9,55.9,NA,63.7,63.7,NA,1010.367,1010.367,NA,12.672,13.158,12.186,199129,7.597448
"2024-07-04T10:00:00Z",58.167,58.167,NA,61.933,61.933,NA,1010.407,1010.407,NA,11.5815,12.093,11.07,199129,6.8328776
"2024-07-04T11:00:00Z",59.833,59.833,NA,61.567,61.567,NA,1010.439,1010.439,NA,10.1865,10.812,9.561,199129,5.9599544
"2024-07-04T12:00:00Z",60.1,60.1,NA,60.4,60.4,NA,1010.734,1010.734,NA,9.6935,9.927,9.46,199129,5.678874
"2024-07-04T13:00:00Z",62.067,62.067,NA,61.166,61.166,NA,1010.949,1010.949,NA,13.917,14.579,13.255,199129,7.7243996
"2024-07-04T14:00:00Z",50.633,50.633,NA,71.833,71.833,NA,1010.814,1010.814,NA,10.8605,11.532,10.189,199129,7.0969704
"2024-07-04T15:00:00Z",29.1,29.1,NA,87.8,87.8,NA,1010.88,1010.88,NA,8.879,9.314,8.444,199129,7.893276
"2024-07-04T16:00:00Z",23.933,23.933,NA,92.4,92.4,NA,1010.742,1010.742,NA,8.137,8.686,7.588,199129,7.9446964
"2024-07-04T17:00:00Z",29.9,29.9,NA,85.633,85.633,NA,1010.608,1010.608,NA,7.2455,7.776,6.715,199129,6.969162
"2024-07-04T18:00:00Z",30.967,30.967,NA,83.8,83.8,NA,1010.291,1010.291,NA,6.024,6.335,5.713,199129,6.2381876
"2024-07-04T19:00:00Z",30.433,30.433,NA,83.767,83.767,NA,1009.96,1009.96,NA,5.445,5.821,5.069,199129,5.9802884
"2024-07-04T20:00:00Z",30.1,30.1,NA,84.7,84.7,NA,1009.693,1009.693,NA,5.7375,6.15,5.325,199129,6.16193
"2024-07-04T21:00:00Z",28.033,28.033,NA,85.934,85.934,NA,1009.3,1009.3,NA,4.9785,5.433,4.524,199129,5.9403224
"2024-07-04T22:00:00Z",26.434,26.434,NA,87.566,87.566,NA,1008.757,1008.757,NA,4.962,5.29,4.634,199129,6.0679112
"2024-07-04T23:00:00Z",26.334,26.334,NA,87.567,87.567,NA,1008.354,1008.354,NA,5.0485,5.372,4.725,199129,6.1217572
"2024-07-04T00:00:00Z",28.566,28.566,NA,87.966,87.966,NA,1012.544,1012.544,NA,3.6325,3.758,3.507,26687,5.1896068
"2024-07-04T01:00:00Z",32.533,32.533,NA,85.233,85.233,NA,1012.117,1012.117,NA,4.28,4.304,4.256,26687,5.1909084
"2024-07-04T02:00:00Z",36.334,36.334,NA,80.633,80.633,NA,1011.895,1011.895,NA,4.174,4.241,4.107,26687,4.8115192
"2024-07-04T03:00:00Z",41.5,41.5,NA,75.8,75.8,NA,1011.8,1011.8,NA,4.183,4.275,4.091,26687,4.376092
"2024-07-04T04:00:00Z",46.9,46.9,NA,71.733,71.733,NA,1012.076,1012.076,NA,4.6695,4.772,4.567,26687,4.170938
"2024-07-04T05:00:00Z",50.466,50.466,NA,69.1,69.1,NA,1012.245,1012.245,NA,4.8825,4.874,4.891,26687,3.9787268
"2024-07-04T06:00:00Z",53.633,53.633,NA,67.167,67.167,NA,1012.352,1012.352,NA,5.878,5.927,5.829,26687,4.2305404
"2024-07-04T07:00:00Z",57.367,57.367,NA,65.5,65.5,NA,1012.698,1012.698,NA,5.393,5.317,5.469,26687,3.6582636
"2024-07-04T08:00:00Z",61.2,61.2,NA,64.167,64.167,NA,1012.91,1012.91,NA,6.0145,6.099,5.93,26687,3.657358
"2024-07-04T09:00:00Z",63.3,63.3,NA,62.733,62.733,NA,1012.958,1012.958,NA,8.1685,8.119,8.218,26687,4.607134
"2024-07-04T10:00:00Z",65.934,65.934,NA,61.5,61.5,NA,1013.026,1013.026,NA,10.243,10.236,10.25,26687,5.4697552
"2024-07-04T11:00:00Z",67.5,67.5,NA,61,61,NA,1012.996,1012.996,NA,8.9095,8.808,9.011,26687,4.637578
"2024-07-04T12:00:00Z",69.367,69.367,NA,60.534,60.534,NA,1013.269,1013.269,NA,8.144,8.102,8.186,26687,4.0773876
"2024-07-04T13:00:00Z",65.633,65.633,NA,64.7,64.7,NA,1013.407,1013.407,NA,7.6025,7.704,7.501,26687,4.1117784
"2024-07-04T14:00:00Z",52.633,52.633,NA,71.3,71.3,NA,1013.367,1013.367,NA,6.3715,6.365,6.378,26687,4.5743344
"2024-07-04T15:00:00Z",51.967,51.967,NA,71.4,71.4,NA,1013.513,1013.513,NA,6.2225,6.213,6.232,26687,4.5530016
"2024-07-04T16:00:00Z",49.166,49.166,NA,73.1,73.1,NA,1013.456,1013.456,NA,6.113,6.17,6.056,26687,4.7342688
"2024-07-04T17:00:00Z",46.4,46.4,NA,74.534,74.534,NA,1013.324,1013.324,NA,4.633,4.694,4.572,26687,4.194412
"2024-07-04T18:00:00Z",41.367,41.367,NA,78.167,78.167,NA,1012.998,1012.998,NA,4.1965,4.22,4.173,26687,4.3944976
"2024-07-04T19:00:00Z",35.433,35.433,NA,81.4,81.4,NA,1012.686,1012.686,NA,3.006,3.05,2.962,26687,4.2762524
"2024-07-04T20:00:00Z",32.067,32.067,NA,84.733,84.733,NA,1012.428,1012.428,NA,2.778,2.852,2.704,26687,4.4435636
"2024-07-04T21:00:00Z",29.667,29.667,NA,88.267,88.267,NA,1012.024,1012.024,NA,2.8375,2.917,2.758,26687,4.6792216
"2024-07-04T22:00:00Z",26.8,26.8,NA,91.767,91.767,NA,1011.607,1011.607,NA,2.474,2.559,2.389,26687,4.733016
"2024-07-04T23:00:00Z",26.666,26.666,NA,92.034,92.034,NA,1011.185,1011.185,NA,2.6695,2.755,2.584,26687,4.8468748
"2024-07-04T00:00:00Z",33.6,33.6,NA,77.334,77.334,NA,1011.892,1011.892,NA,2.992,2.192,3.792,50485,4.425088
"2024-07-04T01:00:00Z",37.334,37.334,NA,77.166,77.166,NA,1011.514,1011.514,NA,9.1105,6.928,11.293,50485,7.3130452
"2024-07-04T02:00:00Z",39.567,39.567,NA,77.534,77.534,NA,1011.286,1011.286,NA,10.8915,9.047,12.736,50485,8.0560376
"2024-07-04T03:00:00Z",39.967,39.967,NA,76.1,76.1,NA,1011.221,1011.221,NA,8.874,6.857,10.891,50485,6.9647876
"2024-07-04T04:00:00Z",44.166,44.166,NA,74.233,74.233,NA,1011.454,1011.454,NA,8.942,7.026,10.858,50485,6.6426648
"2024-07-04T05:00:00Z",46.933,46.933,NA,72.133,72.133,NA,1011.686,1011.686,NA,5.6565,4.378,6.935,50485,4.6853144
"2024-07-04T06:00:00Z",47.267,47.267,NA,70.5,70.5,NA,1011.755,1011.755,NA,4.672,3.588,5.756,50485,4.1409796
"2024-07-04T07:00:00Z",49.1,49.1,NA,68.733,68.733,NA,1012.11,1012.11,NA,4.62,3.49,5.75,50485,3.95756
"2024-07-04T08:00:00Z",51.233,51.233,NA,67.566,67.566,NA,1012.324,1012.324,NA,5.0505,3.873,6.228,50485,4.0014104
"2024-07-04T09:00:00Z",53.434,53.434,NA,66.4,66.4,NA,1012.371,1012.371,NA,5.161,3.984,6.338,50485,3.8717872
"2024-07-04T10:00:00Z",57.867,57.867,NA,65,65,NA,1012.446,1012.446,NA,7.157,5.627,8.687,50485,4.5399996
"2024-07-04T11:00:00Z",58.967,58.967,NA,64.334,64.334,NA,1012.425,1012.425,NA,7.905,6.155,9.655,50485,4.8382316
"2024-07-04T12:00:00Z",60.2,60.2,NA,63.5,63.5,NA,1012.75,1012.75,NA,8.074,6.296,9.852,50485,4.821736
"2024-07-04T13:00:00Z",61.5,61.5,NA,63.7,63.7,NA,1012.912,1012.912,NA,6.828,5.389,8.267,50485,4.058072
"2024-07-04T14:00:00Z",59.6,59.6,NA,64.566,64.566,NA,1012.947,1012.947,NA,6.3475,4.895,7.8,50485,3.96817
"2024-07-04T15:00:00Z",57.333,57.333,NA,66.1,66.1,NA,1013.058,1013.058,NA,5.9525,4.638,7.267,50485,3.9543384
"2024-07-04T16:00:00Z",53.7,53.7,NA,67.8,67.8,NA,1013.029,1013.029,NA,4.868,3.647,6.089,50485,3.695592
"2024-07-04T00:00:00Z",29.933,29.933,NA,81,81,NA,1011.978,1011.978,NA,3.6195,3.702,3.537,51969,5.0663264
"2024-07-04T01:00:00Z",33.034,33.034,NA,81,81,NA,1011.6,1011.6,NA,4.7755,4.691,4.86,51969,5.4078652
"2024-07-04T02:00:00Z",35.966,35.966,NA,79.933,79.933,NA,1011.46,1011.46,NA,5.5445,5.652,5.437,51969,5.5610148
"2024-07-04T03:00:00Z",37.233,37.233,NA,78.033,78.033,NA,1011.354,1011.354,NA,5.641,5.701,5.581,51969,5.5036324
"2024-07-04T04:00:00Z",40.867,40.867,NA,75.567,75.567,NA,1011.626,1011.626,NA,6.8855,6.882,6.889,51969,5.8461336
"2024-07-04T05:00:00Z",45.166,45.166,NA,72.9,72.9,NA,1011.851,1011.851,NA,8.054,8.01,8.098,51969,6.0921528
"2024-07-04T06:00:00Z",47.933,47.933,NA,70.7,70.7,NA,1011.951,1011.951,NA,8.638,8.558,8.718,51969,6.1624204
"2024-07-04T07:00:00Z",48.633,48.633,NA,69.2,69.2,NA,1012.24,1012.24,NA,6.3435,6.264,6.423,51969,4.9004624
"2024-07-04T08:00:00Z",49.966,49.966,NA,68.033,68.033,NA,1012.491,1012.491,NA,7.785,7.722,7.848,51969,5.5422368
"2024-07-04T09:00:00Z",53.033,53.033,NA,66.466,66.466,NA,1012.603,1012.603,NA,8.229,8.146,8.312,51969,5.5135844
"2024-07-04T10:00:00Z",55.267,55.267,NA,64.966,64.966,NA,1012.708,1012.708,NA,9.4185,9.36,9.477,51969,5.9465456
"2024-07-04T11:00:00Z",57.266,57.266,NA,64,64,NA,1012.676,1012.676,NA,9.426,9.317,9.535,51969,5.7801608
"2024-07-04T12:00:00Z",58.3,58.3,NA,63.8,63.8,NA,1013.007,1013.007,NA,9.6035,9.593,9.614,51969,5.785074
"2024-07-04T13:00:00Z",59.034,59.034,NA,64.767,64.767,NA,1013.188,1013.188,NA,8.3395,8.319,8.36,51969,5.0602012
"2024-07-04T14:00:00Z",53.934,53.934,NA,67.767,67.767,NA,1013.209,1013.209,NA,6.588,6.754,6.422,51969,4.5769352
"2024-07-04T15:00:00Z",48.834,48.834,NA,70.4,70.4,NA,1013.303,1013.303,NA,5.3845,5.426,5.343,51969,4.3808212
"2024-07-04T16:00:00Z",43.867,43.867,NA,73.733,73.733,NA,1013.161,1013.161,NA,4.9605,5.036,4.885,51969,4.5818336
"2024-07-04T17:00:00Z",38.867,38.867,NA,77.666,77.666,NA,1012.99,1012.99,NA,4.6865,4.669,4.704,51969,4.8642576
"2024-07-04T18:00:00Z",34.233,34.233,NA,81.367,81.367,NA,1012.651,1012.651,NA,4.204,4.4,4.008,51969,5.0062444
"2024-07-04T19:00:00Z",29.666,29.666,NA,85.1,85.1,NA,1012.263,1012.263,NA,3.4455,3.647,3.244,51969,4.9978988
"2024-07-04T20:00:00Z",25.2,25.2,NA,89.767,89.767,NA,1011.936,1011.936,NA,2.9435,3.034,2.853,51969,5.115354
"2024-07-04T21:00:00Z",23.2,23.2,NA,92.9,92.9,NA,1011.447,1011.447,NA,2.7365,2.699,2.774,51969,5.177286
"2024-07-04T22:00:00Z",22.866,22.866,NA,93.6,93.6,NA,1010.964,1010.964,NA,3.0405,2.996,3.085,51969,5.3650388
"2024-07-04T23:00:00Z",25.6,25.6,NA,88.567,88.567,NA,1010.489,1010.489,NA,3.904,3.865,3.943,51969,5.584576
"2024-07-04T00:00:00Z",24.467,24.467,NA,88.3,88.3,NA,1010.184,1010.184,NA,3.906,3.954,3.858,71029,5.6821556
"2024-07-04T01:00:00Z",26.7,26.7,NA,85.633,85.633,NA,1009.765,1009.765,NA,3.815,3.843,3.787,71029,5.44422
"2024-07-04T02:00:00Z",35.667,35.667,NA,81,81,NA,1009.538,1009.538,NA,6.1735,6.237,6.11,71029,5.9160856
"2024-07-04T03:00:00Z",38.367,38.367,NA,77.533,77.533,NA,1009.466,1009.466,NA,8.849,8.922,8.776,71029,7.0880076
"2024-07-04T04:00:00Z",44.033,44.033,NA,73.834,73.834,NA,1009.806,1009.806,NA,7.597,7.614,7.58,71029,5.9492164
"2024-07-04T05:00:00Z",47.433,47.433,NA,70.466,70.466,NA,1010.1,1010.1,NA,16.3285,16.313,16.344,71029,10.2348424
"2024-07-04T06:00:00Z",50.534,50.534,NA,67.767,67.767,NA,1010.22,1010.22,NA,25.543,25.206,25.88,71029,14.7990352
"2024-07-04T07:00:00Z",53.767,53.767,NA,66,66,NA,1010.549,1010.549,NA,34.6985,33.624,35.773,71029,19.3210656
"2024-07-04T08:00:00Z",54.633,54.633,NA,64.767,64.767,NA,1010.686,1010.686,NA,42.6875,41.302,44.073,71029,23.4335184
"2024-07-04T09:00:00Z",55.334,55.334,NA,63.3,63.3,NA,1010.841,1010.841,NA,73.12,69.29,76.95,71029,39.3204232
"2024-07-04T10:00:00Z",56.867,56.867,NA,62.233,62.233,NA,1010.806,1010.806,NA,30.524,29.81,31.238,71029,16.8695076
"2024-07-04T11:00:00Z",59.233,59.233,NA,61.1,61.1,NA,1010.892,1010.892,NA,19.2805,19.139,19.422,71029,10.7763304
"2024-07-04T12:00:00Z",59.133,59.133,NA,59.967,59.967,NA,1011.199,1011.199,NA,41.0205,38.792,43.249,71029,22.1766104
"2024-07-04T13:00:00Z",60.567,60.567,NA,59.867,59.867,NA,1011.389,1011.389,NA,24.826,24.005,25.647,71029,13.5685156
"2024-07-04T14:00:00Z",61.934,61.934,NA,62.7,62.7,NA,1011.398,1011.398,NA,11.824,11.624,12.024,71029,6.6389992
"2024-07-04T15:00:00Z",57.566,57.566,NA,65.867,65.867,NA,1011.433,1011.433,NA,9.8535,9.695,10.012,71029,5.9786108
"2024-07-04T16:00:00Z",50.867,50.867,NA,71.334,71.334,NA,1011.252,1011.252,NA,9.816,9.688,9.944,71029,6.5297156
"2024-07-04T17:00:00Z",37.133,37.133,NA,82.434,82.434,NA,1010.991,1010.991,NA,7.522,7.559,7.485,71029,6.4977964
"2024-07-04T18:00:00Z",28.2,28.2,NA,89.5,89.5,NA,1010.62,1010.62,NA,5.2165,5.186,5.247,71029,6.050806
"2024-07-04T19:00:00Z",24,24,NA,94.2,94.2,NA,1010.261,1010.261,NA,4.4945,4.627,4.362,71029,6.030318
"2024-07-04T20:00:00Z",21.966,21.966,NA,96.867,96.867,NA,1009.899,1009.899,NA,4.621,4.627,4.615,71029,6.2699008
"2024-07-04T21:00:00Z",19.967,19.967,NA,99.267,99.267,NA,1009.595,1009.595,NA,4.055,4.106,4.004,71029,6.1436316
"2024-07-04T22:00:00Z",18.067,18.067,NA,100.767,100.767,NA,1009.024,1009.024,NA,3.7965,3.904,3.689,71029,6.1700576
"2024-07-04T23:00:00Z",19.966,19.966,NA,98,98,NA,1008.619,1008.619,NA,4.1235,4.325,3.922,71029,6.1796108
"2024-07-04T00:00:00Z",21.133,21.133,NA,96.334,96.334,NA,1014.353,1014.353,NA,2.983,2.934,3.032,7384,5.4825604
"2024-07-04T01:00:00Z",25.666,25.666,NA,89.733,89.733,NA,1014.072,1014.072,NA,3.104,3.192,3.016,7384,5.1597528
"2024-07-04T02:00:00Z",31,31,NA,85.733,85.733,NA,1013.859,1013.859,NA,3.984,4.047,3.921,7384,5.166416
"2024-07-04T03:00:00Z",34.7,34.7,NA,82.633,82.633,NA,1013.754,1013.754,NA,5.9625,6.052,5.873,7384,5.88791
"2024-07-04T04:00:00Z",37.233,37.233,NA,78.8,78.8,NA,1014.039,1014.039,NA,6.5825,6.735,6.43,7384,5.9969784
"2024-07-04T05:00:00Z",41.217,41.217,NA,75.733,75.733,NA,1014.281,1014.281,NA,7.405,7.827,6.983,7384,6.0885316
"2024-07-04T06:00:00Z",44.267,44.267,NA,73.2,73.2,NA,1014.342,1014.342,NA,6.83,7.261,6.399,7384,5.5273716
"2024-07-04T07:00:00Z",46.2,46.2,NA,71.367,71.367,NA,1014.692,1014.692,NA,7.6895,8.466,6.913,7384,5.813058
"2024-07-04T08:00:00Z",48.633,48.633,NA,70.034,70.034,NA,1014.923,1014.923,NA,6.5645,7.254,5.875,7384,5.0162664
"2024-07-04T09:00:00Z",49.6,49.6,NA,68.166,68.166,NA,1014.873,1014.873,NA,5.9695,6.745,5.194,7384,4.622098
"2024-07-04T10:00:00Z",50.633,50.633,NA,67.067,67.067,NA,1015.081,1015.081,NA,5.1975,5.856,4.539,7384,4.1295584
"2024-07-04T11:00:00Z",51.833,51.833,NA,66.2,66.2,NA,1015.066,1015.066,NA,6.3415,7.02,5.663,7384,4.6267744
"2024-07-04T12:00:00Z",53.067,53.067,NA,65.434,65.434,NA,1015.276,1015.276,NA,7.7835,8.306,7.261,7384,5.2772456
"2024-07-04T13:00:00Z",53.433,53.433,NA,65.4,65.4,NA,1015.611,1015.611,NA,8.161,8.607,7.715,7384,5.4438724
"2024-07-04T14:00:00Z",52.967,52.967,NA,67.834,67.834,NA,1015.495,1015.495,NA,6.979,7.626,6.332,7384,4.8642076
"2024-07-04T15:00:00Z",47.166,47.166,NA,73.1,73.1,NA,1015.611,1015.611,NA,4.1045,4.533,3.676,7384,3.8522148
"2024-07-04T16:00:00Z",41,41,NA,77.7,77.7,NA,1015.541,1015.541,NA,4.461,4.748,4.174,7384,4.564364
"2024-07-04T17:00:00Z",36.6,36.6,NA,81.233,81.233,NA,1015.382,1015.382,NA,3.7765,3.947,3.606,7384,4.580566
"2024-07-04T18:00:00Z",30.833,30.833,NA,86.667,86.667,NA,1015.04,1015.04,NA,3.2285,3.293,3.164,7384,4.7847624
"2024-07-04T19:00:00Z",24.934,24.934,NA,94.034,94.034,NA,1014.703,1014.703,NA,3.243,3.308,3.178,7384,5.2949552
"2024-07-04T20:00:00Z",20.167,20.167,NA,101.3,101.3,NA,1014.34,1014.34,NA,2.562,2.62,2.504,7384,5.3442596
"2024-07-04T21:00:00Z",18.1,18.1,NA,105.567,105.567,NA,1013.784,1013.784,NA,2.1045,2.151,2.058,7384,5.280638
"2024-07-04T22:00:00Z",16.966,16.966,NA,108.233,108.233,NA,1013.465,1013.465,NA,3.0915,3.059,3.124,7384,5.8944428
"2024-07-04T23:00:00Z",15.834,15.834,NA,108.833,108.833,NA,1012.937,1012.937,NA,3.6895,3.455,3.924,7384,6.3042412
"2024-07-04T00:00:00Z",36.734,36.734,NA,77.934,77.934,NA,1008.533,1008.533,NA,4.6175,4.374,4.861,86009,5.0098332
"2024-07-04T01:00:00Z",39.267,39.267,NA,77.5,77.5,NA,1008.161,1008.161,NA,5.2615,4.997,5.526,86009,5.1314776
"2024-07-04T02:00:00Z",41.5,41.5,NA,74.8,74.8,NA,1007.952,1007.952,NA,4.9065,4.518,5.295,86009,4.755206
"2024-07-04T03:00:00Z",45.6,45.6,NA,71.9,71.9,NA,1007.841,1007.841,NA,5.771,5.384,6.158,86009,4.858884
"2024-07-04T04:00:00Z",48.8,48.8,NA,69.8,69.8,NA,1008.104,1008.104,NA,6.658,6.264,7.052,86009,5.051032
"2024-07-04T05:00:00Z",52.1,52.1,NA,67.466,67.466,NA,1008.317,1008.317,NA,6.75,6.322,7.178,86009,4.81808
"2024-07-04T06:00:00Z",54.5,54.5,NA,66.1,66.1,NA,1008.402,1008.402,NA,7.9,7.481,8.319,86009,5.2162
"2024-07-04T07:00:00Z",57.633,57.633,NA,64.733,64.733,NA,1008.73,1008.73,NA,8.973,8.32,9.626,86009,5.5115204
"2024-07-04T08:00:00Z",63.3,63.3,NA,62.867,62.867,NA,1008.937,1008.937,NA,7.6605,7.137,8.184,86009,4.340942
"2024-07-04T09:00:00Z",67.966,67.966,NA,61.067,61.067,NA,1009.05,1009.05,NA,11.094,10.568,11.62,86009,5.7425528
"2024-07-04T10:00:00Z",68.966,68.966,NA,60.534,60.534,NA,1009.107,1009.107,NA,13.72,13.088,14.352,86009,7.0333768
"2024-07-04T11:00:00Z",69.5,69.5,NA,60,60,NA,1009.066,1009.066,NA,14.1465,13.436,14.857,86009,7.211366
"2024-07-04T12:00:00Z",67.933,67.933,NA,61.433,61.433,NA,1009.323,1009.323,NA,10.064,9.517,10.611,86009,5.2056444
"2024-07-04T13:00:00Z",40.8,40.8,NA,78.733,78.733,NA,1009.379,1009.379,NA,6.8215,6.407,7.236,86009,5.818306
"2024-07-04T14:00:00Z",34.5,34.5,NA,81.733,81.733,NA,1009.361,1009.361,NA,6.375,5.962,6.788,86009,6.1211
"2024-07-04T15:00:00Z",28.7,28.7,NA,89.966,89.966,NA,1009.466,1009.466,NA,6.28,5.986,6.574,86009,6.56548
"2024-07-04T16:00:00Z",25.433,25.433,NA,93.367,93.367,NA,1009.376,1009.376,NA,5.6155,5.29,5.941,86009,6.4956304
"2024-07-04T17:00:00Z",25.767,25.767,NA,91.267,91.267,NA,1009.246,1009.246,NA,4.4555,4.223,4.688,86009,5.8593336
"2024-07-04T18:00:00Z",28.7,28.7,NA,87.2,87.2,NA,1008.959,1008.959,NA,4.851,4.556,5.146,86009,5.816684
"2024-07-04T19:00:00Z",32.767,32.767,NA,81.767,81.767,NA,1008.637,1008.637,NA,3.9655,3.762,4.169,86009,5.0061736
"2024-07-04T20:00:00Z",35.166,35.166,NA,80.133,80.133,NA,1008.367,1008.367,NA,3.96,3.749,4.171,86009,4.7988968
"2024-07-04T21:00:00Z",35.367,35.367,NA,80.133,80.133,NA,1007.989,1007.989,NA,3.625,3.38,3.87,86009,4.6062316
"2024-07-04T22:00:00Z",34.7,34.7,NA,79.834,79.834,NA,1007.547,1007.547,NA,3.4905,3.293,3.688,86009,4.592582
"2024-07-04T23:00:00Z",36.6,36.6,NA,78.867,78.867,NA,1007.133,1007.133,NA,3.8295,3.616,4.043,86009,4.608338
"2024-07-04T00:00:00Z",36.734,36.734,NA,77.934,77.934,NA,1008.533,1008.533,NA,4.6175,4.374,4.861,86009,5.0098332
"2024-07-04T01:00:00Z",39.267,39.267,NA,77.5,77.5,NA,1008.161,1008.161,NA,5.2615,4.997,5.526,86009,5.1314776
"2024-07-04T02:00:00Z",41.5,41.5,NA,74.8,74.8,NA,1007.952,1007.952,NA,4.9065,4.518,5.295,86009,4.755206
"2024-07-04T03:00:00Z",45.6,45.6,NA,71.9,71.9,NA,1007.841,1007.841,NA,5.771,5.384,6.158,86009,4.858884
"2024-07-04T04:00:00Z",48.8,48.8,NA,69.8,69.8,NA,1008.104,1008.104,NA,6.658,6.264,7.052,86009,5.051032
"2024-07-04T05:00:00Z",52.1,52.1,NA,67.466,67.466,NA,1008.317,1008.317,NA,6.75,6.322,7.178,86009,4.81808
"2024-07-04T06:00:00Z",54.5,54.5,NA,66.1,66.1,NA,1008.402,1008.402,NA,7.9,7.481,8.319,86009,5.2162
"2024-07-04T07:00:00Z",57.633,57.633,NA,64.733,64.733,NA,1008.73,1008.73,NA,8.973,8.32,9.626,86009,5.5115204
"2024-07-04T08:00:00Z",63.3,63.3,NA,62.867,62.867,NA,1008.937,1008.937,NA,7.6605,7.137,8.184,86009,4.340942
"2024-07-04T09:00:00Z",67.966,67.966,NA,61.067,61.067,NA,1009.05,1009.05,NA,11.094,10.568,11.62,86009,5.7425528
"2024-07-04T10:00:00Z",68.966,68.966,NA,60.534,60.534,NA,1009.107,1009.107,NA,13.72,13.088,14.352,86009,7.0333768
"2024-07-04T11:00:00Z",69.5,69.5,NA,60,60,NA,1009.066,1009.066,NA,14.1465,13.436,14.857,86009,7.211366
"2024-07-04T12:00:00Z",67.933,67.933,NA,61.433,61.433,NA,1009.323,1009.323,NA,10.064,9.517,10.611,86009,5.2056444
"2024-07-04T13:00:00Z",40.8,40.8,NA,78.733,78.733,NA,1009.379,1009.379,NA,6.8215,6.407,7.236,86009,5.818306
"2024-07-04T14:00:00Z",34.5,34.5,NA,81.733,81.733,NA,1009.361,1009.361,NA,6.375,5.962,6.788,86009,6.1211
"2024-07-04T15:00:00Z",28.7,28.7,NA,89.966,89.966,NA,1009.466,1009.466,NA,6.28,5.986,6.574,86009,6.56548
"2024-07-04T16:00:00Z",25.433,25.433,NA,93.367,93.367,NA,1009.376,1009.376,NA,5.6155,5.29,5.941,86009,6.4956304
"2024-07-04T17:00:00Z",25.767,25.767,NA,91.267,91.267,NA,1009.246,1009.246,NA,4.4555,4.223,4.688,86009,5.8593336
"2024-07-04T18:00:00Z",28.7,28.7,NA,87.2,87.2,NA,1008.959,1008.959,NA,4.851,4.556,5.146,86009,5.816684
"2024-07-04T19:00:00Z",32.767,32.767,NA,81.767,81.767,NA,1008.637,1008.637,NA,3.9655,3.762,4.169,86009,5.0061736
"2024-07-04T20:00:00Z",35.166,35.166,NA,80.133,80.133,NA,1008.367,1008.367,NA,3.96,3.749,4.171,86009,4.7988968
"2024-07-04T21:00:00Z",35.367,35.367,NA,80.133,80.133,NA,1007.989,1007.989,NA,3.625,3.38,3.87,86009,4.6062316
"2024-07-04T22:00:00Z",34.7,34.7,NA,79.834,79.834,NA,1007.547,1007.547,NA,3.4905,3.293,3.688,86009,4.592582
"2024-07-04T23:00:00Z",36.6,36.6,NA,78.867,78.867,NA,1007.133,1007.133,NA,3.8295,3.616,4.043,86009,4.608338
"2024-07-04T00:00:00Z",24.434,24.434,NA,88.3,88.3,NA,1011.005,1011.005,NA,2.4195,2.182,2.657,98105,4.9060412
"2024-07-04T01:00:00Z",31.033,31.033,NA,82.1,82.1,NA,1010.686,1010.686,NA,3.2105,3.076,3.345,98105,4.7582904
"2024-07-04T02:00:00Z",35.733,35.733,NA,79.534,79.534,NA,1010.567,1010.567,NA,3.831,3.604,4.058,98105,4.6829924
"2024-07-04T03:00:00Z",37.334,37.334,NA,78.8,78.8,NA,1010.495,1010.495,NA,3.7285,3.572,3.885,98105,4.4928772
"2024-07-04T04:00:00Z",40.734,40.734,NA,75.867,75.867,NA,1010.703,1010.703,NA,4.033,3.867,4.199,98105,4.3627552
"2024-07-04T05:00:00Z",45.266,45.266,NA,72.767,72.767,NA,1010.909,1010.909,NA,5.3835,5.175,5.592,98105,4.6842908
"2024-07-04T06:00:00Z",46.9,46.9,NA,70.767,70.767,NA,1011.021,1011.021,NA,5.689,5.412,5.966,98105,4.705156
"2024-07-04T07:00:00Z",50.434,50.434,NA,68,68,NA,1011.331,1011.331,NA,5.4325,5.101,5.764,98105,4.2696532
"2024-07-04T08:00:00Z",51.067,51.067,NA,67.6,67.6,NA,1011.579,1011.579,NA,5.3095,4.971,5.648,98105,4.1512696
"2024-07-04T09:00:00Z",51.967,51.967,NA,66.4,66.4,NA,1011.672,1011.672,NA,5.2795,4.936,5.623,98105,4.0588696
"2024-07-04T10:00:00Z",53.4,53.4,NA,65.3,65.3,NA,1011.707,1011.707,NA,5.399,5.232,5.566,98105,3.999396
"2024-07-04T11:00:00Z",56.3,56.3,NA,63.834,63.834,NA,1011.692,1011.692,NA,6.1165,5.737,6.496,98105,4.128286
"2024-07-04T12:00:00Z",58.633,58.633,NA,63.433,63.433,NA,1012.002,1012.002,NA,6.7475,6.485,7.01,98105,4.2601584
"2024-07-04T13:00:00Z",58.933,58.933,NA,64.434,64.434,NA,1012.159,1012.159,NA,6.0465,5.88,6.213,98105,3.8672744
"2024-07-04T14:00:00Z",53.167,53.167,NA,68.034,68.034,NA,1012.164,1012.164,NA,4.829,4.688,4.97,98105,3.7205676
"2024-07-04T15:00:00Z",43.7,43.7,NA,73.733,73.733,NA,1012.278,1012.278,NA,3.645,3.316,3.974,98105,3.90674
"2024-07-04T16:00:00Z",35.1,35.1,NA,81.867,81.867,NA,1012.163,1012.163,NA,3.048,2.888,3.208,98105,4.326632
"2024-07-04T17:00:00Z",27.934,27.934,NA,89.233,89.233,NA,1012.023,1012.023,NA,2.3785,2.19,2.567,98105,4.5863572
"2024-07-04T18:00:00Z",23.333,23.333,NA,95.434,95.434,NA,1011.698,1011.698,NA,1.7245,1.421,2.028,98105,4.6356664
"2024-07-04T19:00:00Z",20.9,20.9,NA,95.6,95.6,NA,1011.326,1011.326,NA,0.832,0.697,0.967,98105,4.375288
"2024-07-04T20:00:00Z",20.5,20.5,NA,95.966,95.966,NA,1011.021,1011.021,NA,0.677,0.567,0.787,98105,4.328148
"2024-07-04T21:00:00Z",21.667,21.667,NA,94.3,94.3,NA,1010.592,1010.592,NA,0.76,0.637,0.883,98105,4.2722116
"2024-07-04T22:00:00Z",22,22,NA,94.466,94.466,NA,1010.19,1010.19,NA,0.7475,0.615,0.88,98105,4.23729
"2024-07-04T23:00:00Z",22.466,22.466,NA,92.767,92.767,NA,1009.779,1009.779,NA,1.4295,1.087,1.772,98105,4.5549548
