time_stamp,private,humidity,humidity_a,humidity_b,temperature,temperature_a,temperature_b,pressure,pressure_a,pressure_b,voc,voc_a,voc_b,analog_input,pm2.5_alt,pm2.5_alt_a,pm2.5_alt_b,scattering_coefficient,scattering_coefficient_a,scattering_coefficient_b,deciviews,deciviews_a,deciviews_b,visual_range,visual_range_a,visual_range_b,0.3_um_count,0.3_um_count_a,0.3_um_count_b,0.5_um_count,0.5_um_count_a,0.5_um_count_b,1.0_um_count,1.0_um_count_a,1.0_um_count_b,2.5_um_count,2.5_um_count_a,2.5_um_count_b,5.0_um_count,5.0_um_count_a,5.0_um_count_b,10.0_um_count,10.0_um_count_a,10.0_um_count_b,pm1.0_cf_1,pm1.0_cf_1_a,pm1.0_cf_1_b,pm1.0_atm,pm1.0_atm_a,pm1.0_atm_b,pm2.5_atm,pm2.5_atm_a,pm2.5_atm_b,pm2.5_cf_1,pm2.5_cf_1_a,pm2.5_cf_1_b,pm10.0_atm,pm10.0_atm_a,pm10.0_atm_b,pm10.0_cf_1,pm10.0_cf_1_a,pm10.0_cf_1_b,latitude,longitude
2024-07-03T03:30:00Z,0,41,41,41,78,78,78,1011.17,1011.17,1011.17,50,,50,0,1.5,1.8,1.3,6.8,6.9,6.7,5.9,6,5.9,215.2,213.8,216.6,451.265,457.82,444.71,128.59,135.79,121.39,12.91,17.36,8.46,3.0600000000000000,3.59,2.53,1.95,2.09,1.81,0.9650000000000000,1.12,0.81,1.24,1.16,1.32,1.24,1.16,1.32,1.8650000000000000,2.12,1.61,1.8650000000000000,2.12,1.61,3.13,3.45,2.81,3.13,3.45,2.81,47.214961,-122.425289
2024-07-03T04:00:00Z,0,43.6,43.6,43.6,75.133,75.133,75.133,1011.241,1011.241,1011.241,50,,50,0.009,1.8,1.8,1.7,8,8,7.9,6.7,6.7,6.7,199.6,199,200.1,530.1415,533.039,527.244,149.10750000000000,148.641,149.574,12.933,13.775,12.091,2.2015000000000000,1.838,2.565,1.4205,1.151,1.69,0.505,0.382,0.628,1.9515,1.935,1.968,1.9515,1.935,1.968,2.5695000000000000,2.562,2.577,2.5695000000000000,2.562,2.577,3.523,3.305,3.741,3.523,3.305,3.741,47.214961,-122.425289
2024-07-03T04:30:00Z,0,48,48,48,71,71,71,1011.496,1011.496,1011.496,50.996,,50.996,0.01,1.7,1.8,1.7,7.6,7.8,7.4,6.5,6.6,6.4,204.3,201.9,206.7,505.21700000000000,517.589,492.845,142.52250000000000,143.833,141.212,13.008,13.291,12.725,2.27,2.064,2.476,1.4045,1.29,1.519,0.501,0.535,0.467,1.8765,1.868,1.885,1.8765,1.868,1.885,2.4785,2.468,2.489,2.4785,2.468,2.489,3.4445000000000000,3.344,3.545,3.4445000000000000,3.344,3.545,47.214961,-122.425289
2024-07-03T05:00:00Z,0,50.133,50.133,50.133,69.4,69.4,69.4,1011.591,1011.591,1011.591,53.67,,53.67,0.01,1.8,1.8,1.7,7.5,7.7,7.3,6.4,6.5,6.3,205.1,202.7,207.5,500.9185,513.151,488.686,140.805,142.123,139.487,14.015,14.397,13.633,2.216,1.837,2.595,1.484,1.198,1.77,0.6115000000000000,0.524,0.699,1.7945,1.781,1.808,1.7945,1.781,1.808,2.421,2.385,2.457,2.421,2.385,2.457,3.434,3.217,3.651,3.434,3.217,3.651,47.214961,-122.425289
2024-07-03T05:30:00Z,0,52,52,52,68.067,68.067,68.067,1011.665,1011.665,1011.665,57.016,,57.016,0.01,1.8,2,1.6,7.9,8.5,7.3,6.7,7,6.3,200.1,192.7,208,527.436,568.697,486.175,149.49350000000000,159.983,139.004,13.7505,15.271,12.23,2.3485,2.378,2.319,1.47,1.411,1.529,0.5185,0.672,0.365,2.0790000000000000,2.335,1.823,2.0790000000000000,2.335,1.823,2.7445,3.076,2.413,2.7445,3.076,2.413,3.7060000000000000,4.012,3.4,3.7060000000000000,4.012,3.4,47.214961,-122.425289
2024-07-03T06:00:00Z,0,53.867,53.867,53.867,66.667,66.667,66.667,1011.955,1011.955,1011.955,60.065,,60.065,0.01,1.9,2.1,1.7,8.2,8.7,7.7,6.9,7.2,6.6,196.2,190.3,202.4,548.8300000000000,582.779,514.881,155.964,164.799,147.129,14.4435,16.074,12.813,2.0905,1.944,2.237,1.35,1.237,1.463,0.4595,0.383,0.536,2.2280000000000000,2.445,2.011,2.2280000000000000,2.445,2.011,2.9140000000000000,3.159,2.669,2.9140000000000000,3.159,2.669,3.807,3.953,3.661,3.807,3.953,3.661,47.214961,-122.425289
2024-07-03T06:30:00Z,0,54.133,54.133,54.133,66.333,66.333,66.333,1012.193,1012.193,1012.193,62.863,,62.863,0.01,1.8,2,1.7,8.1,8.6,7.5,6.8,7.1,6.4,198.1,191.8,204.8,538.277,573.974,502.58,153.76350000000000,163.08,144.447,13.722000000000000,15.265,12.179,2.2075,2.055,2.36,1.446,1.371,1.521,0.538,0.529,0.547,2.1845,2.43,1.939,2.1845,2.43,1.939,2.791,3.07,2.512,2.791,3.07,2.512,3.8065000000000000,3.96,3.653,3.8065000000000000,3.96,3.653,47.214961,-122.425289
2024-07-03T07:00:00Z,0,55,55,55,65.8,65.8,65.8,1012.618,1012.618,1012.618,66.14,,66.14,0.01,2,2.1,1.8,8.4,9.1,7.8,7,7.4,6.6,193.7,186.7,201.4,562.817,605.174,520.46,160.176,169.992,150.36,15.190000000000000,16.843,13.537,2.1845,2.395,1.974,1.389,1.469,1.309,0.5045,0.594,0.415,2.3155,2.558,2.073,2.3155,2.558,2.073,3.0035,3.324,2.683,3.0035,3.324,2.683,3.968,4.307,3.629,3.968,4.307,3.629,47.214961,-122.425289
2024-07-03T07:30:00Z,0,54.867,54.867,54.867,66.067,66.067,66.067,1012.874,1012.874,1012.874,67.63,,67.63,0.01,2,2.2,1.8,8.7,9.3,8,7.1,7.5,6.7,191.4,184.3,199,576.7115,620.236,533.187,164.7585,175.159,154.358,15.485500000000000,17.222,13.749,2.55,2.291,2.809,1.652,1.519,1.785,0.6535,0.718,0.589,2.4075000000000000,2.653,2.162,2.4075000000000000,2.653,2.162,3.0775000000000000,3.391,2.764,3.0775000000000000,3.391,2.764,4.339,4.441,4.237,4.339,4.441,4.237,47.214961,-122.425289
2024-07-03T08:00:00Z,0,55,55,55,65.933,65.933,65.933,1013.146,1013.146,1013.146,68.392,,68.392,0.01,2,2.2,1.8,8.3,8.9,7.7,6.9,7.2,6.6,195.4,189.1,202.2,553.2545,590.389,516.12,157.9635,166.596,149.331,16.061,17.613,14.509,2.626,2.291,2.961,1.5115000000000000,1.23,1.793,0.4675,0.394,0.541,2.253,2.497,2.009,2.253,2.497,2.009,3.027,3.299,2.755,3.027,3.299,2.755,4.1175,4.114,4.121,4.1175,4.114,4.121,47.214961,-122.425289
2024-07-03T08:30:00Z,0,55,55,55,66,66,66,1013.477,1013.477,1013.477,70.755,,70.755,0.01,2.1,2.2,1.9,8.9,9.5,8.4,7.3,7.6,6.9,188.5,182.6,194.8,594.097,631.277,556.917,169.594,178.559,160.629,15.837500000000000,17.209,14.466,2.5765000000000000,2.409,2.744,1.578,1.487,1.669,0.5725,0.594,0.551,2.4955,2.768,2.223,2.4955,2.768,2.223,3.2960000000000000,3.551,3.041,3.2960000000000000,3.551,3.041,4.428000000000000,4.549,4.307,4.428000000000000,4.549,4.307,47.214961,-122.425289
2024-07-03T09:00:00Z,0,55.6,55.6,55.6,65.2,65.2,65.2,1013.452,1013.452,1013.452,72.761,,72.761,0.01,2.3,2.5,2.1,9.7,10.2,9.2,7.7,8,7.4,180.1,174.9,185.7,647.279,683.103,611.455,184.03700000000000,193.165,174.909,17.2295,19.181,15.278,2.4700000000000000,2.233,2.707,1.512,1.213,1.811,0.537,0.418,0.656,2.817,3.069,2.565,2.817,3.069,2.565,3.628,3.897,3.359,3.628,3.897,3.359,4.724,4.711,4.737,4.724,4.711,4.737,47.214961,-122.425289
2024-07-03T09:30:00Z,0,57.067,57.067,57.067,64,64,64,1013.294,1013.294,1013.294,74.084,,74.084,0.01,2.2,2.3,2,9.4,9.9,8.9,7.5,7.8,7.2,183.4,178.2,188.9,625.673,660.06,591.286,178.5505,186.228,170.873,16.0545,17.552,14.557,2.2435,2.183,2.304,1.341,1.331,1.351,0.4815,0.59,0.373,2.7220000000000000,2.95,2.494,2.7220000000000000,2.95,2.494,3.4705,3.673,3.268,3.4705,3.673,3.268,4.4335,4.623,4.244,4.4335,4.623,4.244,47.214961,-122.425289
2024-07-03T10:00:00Z,0,57.067,57.067,57.067,63.8,63.8,63.8,1013.396,1013.396,1013.396,75.473,,75.473,0.01,1.9,2.1,1.7,8.1,8.7,7.6,6.8,7.1,6.5,197.5,191.2,204.3,541.417,577.931,504.903,154.02500000000000,163.029,145.021,14.514,16.811,12.217,2.2105,2.088,2.333,1.3095000000000000,1.212,1.407,0.475,0.422,0.528,2.2330000000000000,2.441,2.025,2.2330000000000000,2.441,2.025,2.8785,3.17,2.587,2.8785,3.17,2.587,3.8215000000000000,3.998,3.645,3.8215000000000000,3.998,3.645,47.214961,-122.425289
2024-07-03T10:30:00Z,0,56.8,56.8,56.8,64,64,64,1013.477,1013.477,1013.477,75.93,,75.93,0.01,1.9,2.1,1.7,8,8.5,7.4,6.7,7,6.4,199.4,193.2,205.9,531.264,565.977,496.551,151.377,159.373,143.381,14.992,17.189,12.795,2.007,1.969,2.045,1.194,1.205,1.183,0.5205,0.537,0.504,2.1625,2.373,1.952,2.1625,2.373,1.952,2.875,3.121,2.629,2.875,3.121,2.629,3.736,4.014,3.458,3.736,4.014,3.458,47.214961,-122.425289
2024-07-03T11:00:00Z,0,56.067,56.067,56.067,64.267,64.267,64.267,1013.371,1013.371,1013.371,77.833,,77.833,0.01,2,2.2,1.8,8.1,8.6,7.5,6.8,7.1,6.4,197.9,191.6,204.7,539.1445,575.479,502.81,154.8,163.391,146.209,16.186,18.486,13.886,2.508,2.603,2.413,1.6155,1.702,1.529,0.5495,0.626,0.473,2.183,2.391,1.975,2.183,2.391,1.975,2.943,3.189,2.697,2.943,3.189,2.697,4.0785,4.344,3.813,4.0785,4.344,3.813,47.214961,-122.425289
2024-07-03T11:30:00Z,0,56.667,56.667,56.667,63.867,63.867,63.867,1013.473,1013.473,1013.473,77.247,,77.247,0.01,2.2,2.4,1.9,9.1,9.8,8.5,7.4,7.8,7,186,179.4,193,609.3405,651.884,566.797,173.8055,184.523,163.088,16.479,19.509,13.449,2.1615,2.134,2.189,1.205,1.204,1.206,0.5545,0.557,0.552,2.644,2.927,2.361,2.644,2.927,2.361,3.458,3.791,3.125,3.458,3.791,3.125,4.375500000000000,4.591,4.16,4.375500000000000,4.591,4.16,47.214961,-122.425289
2024-07-03T12:00:00Z,0,57.533,57.533,57.533,63,63,63,1013.749,1013.749,1013.749,76.363,,76.363,0.01,2.2,2.4,2,9.2,9.9,8.5,7.4,7.8,7,185.4,178.4,193.1,612.8045,659.161,566.448,175.0095,186.071,163.948,16.185,17.915,14.455,2.0550000000000000,1.903,2.207,1.2635,1.197,1.33,0.4115,0.447,0.376,2.6545,2.938,2.371,2.6545,2.938,2.371,3.402,3.675,3.129,3.402,3.675,3.129,4.3555,4.484,4.227,4.3555,4.484,4.227,47.214961,-122.425289
2024-07-03T12:30:00Z,0,57.8,57.8,57.8,63.4,63.4,63.4,1013.855,1013.855,1013.855,80.285,,80.285,0.01,2.7,2.9,2.5,11.3,12,10.6,8.6,8.9,8.2,165.4,159.9,171.3,754.4855,799.597,709.374,215.661,225.816,205.506,21.122,22.842,19.402,2.8365,2.562,3.111,1.726,1.639,1.813,0.6445000000000000,0.602,0.687,3.4585,3.72,3.197,3.4585,3.72,3.197,4.606,4.717,4.495,4.606,4.717,4.495,6.027,5.84,6.214,6.027,5.84,6.214,47.214961,-122.425289
2024-07-03T13:00:00Z,0,57.133,57.133,57.133,64.467,64.467,64.467,1013.894,1013.894,1013.894,83.315,,83.315,0.01,2.6,2.8,2.4,10.5,11.2,9.8,8.2,8.5,7.8,172.5,166.5,178.9,700.5420000000000,745.574,655.51,199.9855,210.285,189.686,21.444000000000000,23.445,19.443,3.2665,3.172,3.361,1.9345000000000000,1.731,2.138,0.5355000000000000,0.533,0.538,3.189,3.477,2.901,3.189,3.477,2.901,4.258,4.543,3.973,4.258,4.543,3.973,5.7475000000000000,5.715,5.78,5.7475000000000000,5.715,5.78,47.214961,-122.425289
2024-07-03T13:30:00Z,0,56.2,56.2,56.2,65.067,65.067,65.067,1014.133,1014.133,1014.133,86.039,,86.039,0.01,2.2,2.4,2,8.8,9.3,8.3,7.2,7.5,6.9,189.6,184.2,195.2,587.4555,620.445,554.466,168.3415,176.803,159.88,19.045,20.819,17.271,2.9485,2.717,3.18,1.8930000000000000,1.623,2.163,0.7795000000000000,0.751,0.808,2.5285,2.783,2.274,2.5285,2.783,2.274,3.401,3.677,3.125,3.401,3.677,3.125,4.8100000000000000,4.795,4.825,4.8100000000000000,4.795,4.825,47.214961,-122.425289
2024-07-03T14:00:00Z,0,55.867,55.867,55.867,65.533,65.533,65.533,1014.232,1014.232,1014.232,83.078,,83.078,0.01,2.1,2.3,2,8.4,8.9,8,7,7.2,6.7,194.1,189,199.5,560.6715000000000,591.098,530.245,159.8605,167.213,152.508,18.989,20.667,17.311,3.0235000000000000,2.979,3.068,1.8255,1.785,1.866,0.77,0.851,0.689,2.3335,2.541,2.126,2.3335,2.541,2.126,3.2745000000000000,3.509,3.04,3.2745000000000000,3.509,3.04,4.59,4.739,4.441,4.59,4.739,4.441,47.214961,-122.425289
2024-07-03T14:30:00Z,0,54.4,54.4,54.4,66.733,66.733,66.733,1014.277,1014.277,1014.277,82.148,,82.148,0.01,2.2,2.4,2,8.7,9.2,8.3,7.2,7.4,6.9,190.5,185.8,195.5,581.5685,610.356,552.781,167.02500000000000,174.243,159.807,18.742,20.309,17.175,2.731,2.489,2.973,1.715,1.588,1.842,0.7395,0.77,0.709,2.4905,2.696,2.285,2.4905,2.696,2.285,3.332,3.576,3.088,3.332,3.576,3.088,4.593,4.667,4.519,4.593,4.667,4.519,47.214961,-122.425289
2024-07-03T15:00:00Z,0,53.4,53.4,53.4,67.4,67.4,67.4,1014.396,1014.396,1014.396,84.599,,84.599,0.01,2.3,2.4,2.1,9.2,9.6,8.8,7.4,7.7,7.2,185.3,181.4,189.4,613.5890000000000,638.789,588.389,175.79250000000000,181.029,170.556,18.893,19.942,17.844,3.057,2.545,3.569,1.7915000000000000,1.432,2.151,0.6340000000000000,0.573,0.695,2.6625,2.835,2.49,2.6625,2.835,2.49,3.553,3.729,3.377,3.553,3.729,3.377,4.865,4.741,4.989,4.865,4.741,4.989,47.214961,-122.425289
2024-07-03T15:30:00Z,0,52.533,52.533,52.533,68.333,68.333,68.333,1014.46,1014.46,1014.46,85.23,,85.23,0.01,2.5,2.7,2.4,10.2,10.7,9.8,8,8.2,7.8,175.3,171.2,179.6,680.5555000000000,710.192,650.919,195.70750000000000,202.126,189.289,21.5135,22.977,20.05,3.3035000000000000,3.174,3.433,1.945,1.783,2.107,0.678,0.682,0.674,3.0525,3.206,2.899,3.0525,3.206,2.899,4.0835,4.29,3.877,4.0835,4.29,3.877,5.4625,5.504,5.421,5.4625,5.504,5.421,47.214961,-122.425289
2024-07-03T16:00:00Z,0,49.267,49.267,49.267,70.4,70.4,70.4,1014.462,1014.462,1014.462,83.443,,83.443,0.01,2.7,2.9,2.4,11,11.5,10.5,8.4,8.7,8.2,168.1,163.9,172.4,733.719,766.094,701.344,210.31,217.303,203.317,21.065000000000000,23.804,18.326,2.485,2.219,2.751,1.546,1.357,1.735,0.5205,0.583,0.458,3.2905000000000000,3.375,3.206,3.2905000000000000,3.375,3.206,4.216,4.338,4.094,4.216,4.338,4.094,5.255,5.255,5.255,5.255,5.255,5.255,47.214961,-122.425289
2024-07-03T16:30:00Z,0,48.867,48.867,48.867,71.067,71.067,71.067,1014.537,1014.537,1014.537,85.393,,85.393,0.01,3,3.1,2.8,12.4,12.8,12,9.1,9.3,8.9,156.6,153.5,159.7,828.195,855.575,800.815,236.22900000000000,241.015,231.443,22.657,24.225,21.089,2.9060000000000000,2.739,3.073,1.7675,1.599,1.936,0.5925,0.628,0.557,3.8405,3.892,3.789,3.8405,3.892,3.789,4.8325,4.892,4.773,4.8325,4.892,4.773,6.061,6.027,6.095,6.061,6.027,6.095,47.214961,-122.425289
2024-07-03T17:00:00Z,0,47.133,47.133,47.133,72.867,72.867,72.867,1014.636,1014.636,1014.636,83.361,,83.361,0.01,3.1,3.3,2.9,13,13.4,12.5,9.4,9.6,9.2,152.7,149.6,155.8,863.5890000000000,892.369,834.809,248.228,253.127,243.329,23.260000000000000,26.621,19.899,2.5075,2.461,2.554,1.4795,1.306,1.653,0.5025,0.425,0.58,4.1455,4.19,4.101,4.1455,4.19,4.101,5.147500000000000,5.315,4.98,5.147500000000000,5.315,4.98,6.1595000000000000,6.2,6.119,6.1595000000000000,6.2,6.119,47.214961,-122.425289
2024-07-03T17:30:00Z,0,46.467,46.467,46.467,73.8,73.8,73.8,1014.621,1014.621,1014.621,83.431,,83.431,0.01,3.2,3.5,3,13.5,13.8,13.2,9.6,9.8,9.5,148.9,146.7,151.2,899.152,920.983,877.321,257.965,262.097,253.833,24.9255,27.655,22.196,2.8555,2.555,3.156,1.7650000000000000,1.659,1.871,0.6255,0.658,0.593,4.386000000000000,4.43,4.342,4.386000000000000,4.43,4.342,5.382,5.487,5.277,5.382,5.487,5.277,6.5945,6.657,6.532,6.5945,6.657,6.532,47.214961,-122.425289
2024-07-03T18:00:00Z,0,44.133,44.133,44.133,75.667,75.667,75.667,1014.477,1014.477,1014.477,82.951,,82.951,0.01,3.4,3.6,3.3,14.3,14.5,14,10,10.1,9.9,143.8,142.2,145.5,950.9695000000000,968.039,933.9,273.28500000000000,275.029,271.541,25.447000000000000,27.413,23.481,2.58,2.127,3.033,1.5340000000000000,1.309,1.759,0.5035000000000000,0.517,0.49,4.677,4.719,4.635,4.677,4.719,4.635,5.785,5.825,5.745,5.785,5.825,5.745,6.8065,6.754,6.859,6.8065,6.754,6.859,47.214961,-122.425289
2024-07-03T18:30:00Z,0,43.667,43.667,43.667,76.733,76.733,76.733,1014.381,1014.381,1014.381,82.217,,82.217,0.01,3.7,3.8,3.5,15.1,15.1,15.2,10.3,10.3,10.4,138.6,138.9,138.3,1007.571,1004.517,1010.625,291.81100000000000,287.119,296.503,27.737000000000000,30.577,24.897,2.9815,2.479,3.484,1.7645,1.408,2.121,0.6115000000000000,0.481,0.742,5.101,5.001,5.201,5.101,5.001,5.201,6.23,6.175,6.285,6.23,6.175,6.285,7.446,7.141,7.751,7.446,7.141,7.751,47.214961,-122.425289
2024-07-03T19:00:00Z,0,42.533,42.533,42.533,78.133,78.133,78.133,1014.173,1014.173,1014.173,83.539,,83.539,0.01,3.8,4,3.7,15.9,16,15.8,10.7,10.7,10.6,134,133.4,134.6,1061.31,1068.363,1054.257,303.37800000000000,301.934,304.822,29.548500000000000,31.819,27.278,3.5885,3.118,4.059,1.9145000000000000,1.526,2.303,0.6355,0.624,0.647,5.333,5.271,5.395,5.333,5.271,5.395,6.593,6.594,6.592,6.593,6.594,6.592,7.971500000000000,7.703,8.24,7.971500000000000,7.703,8.24,47.214961,-122.425289
2024-07-03T19:30:00Z,0,38.2,38.2,38.2,82.2,82.2,82.2,1013.91,1013.91,1013.91,84.359,,84.359,0.01,3.8,4,3.6,15.9,15.9,16,10.7,10.7,10.7,133.8,134.2,133.5,1063.1860000000000,1059.459,1066.913,305.423,300.575,310.271,28.045,31.475,24.615,2.8895,2.363,3.416,1.8005,1.372,2.229,0.6580000000000000,0.481,0.835,5.293,5.223,5.363,5.293,5.223,5.363,6.398,6.387,6.409,6.398,6.387,6.409,7.6385000000000000,7.338,7.939,7.6385000000000000,7.338,7.939,47.214961,-122.425289
2024-07-03T20:00:00Z,0,33.2,33.2,33.2,89,89,89,1013.709,1013.709,1013.709,87.615,,87.615,0.004,4.1,4.3,3.8,16.9,16.8,17.1,11.1,11,11.1,128.6,129.2,127.9,1129.4700000000000,1121.071,1137.869,325.0725,318.375,331.77,29.984500000000000,34.465,25.504,2.8775,2.582,3.173,1.819,1.661,1.977,0.6935,0.729,0.658,5.609,5.545,5.673,5.609,5.545,5.673,6.753,6.731,6.775,6.753,6.731,6.775,7.9545000000000000,7.876,8.033,7.9545000000000000,7.876,8.033,47.214961,-122.425289
2024-07-03T20:30:00Z,0,27.467,27.467,27.467,96.667,96.667,96.667,1013.521,1013.521,1013.521,90.874,,90.874,0,4.3,4.6,4.1,18.7,18.5,18.9,11.8,11.7,11.9,120.1,121.1,119.2,1247.9465,1233.505,1262.388,356.47300000000000,346.131,366.815,30.8515,35.134,26.569,3.181,2.615,3.747,1.958,1.697,2.219,0.657,0.645,0.669,6.3625,6.278,6.447,6.3625,6.278,6.447,7.589500000000000,7.536,7.643,7.589500000000000,7.536,7.643,8.879000000000000,8.657,9.101,8.879000000000000,8.657,9.101,47.214961,-122.425289
2024-07-03T21:00:00Z,0,26.133,26.133,26.133,98.933,98.933,98.933,1013.231,1013.231,1013.231,90.237,,90.237,0,4.3,4.5,4.1,18.7,18.6,18.8,11.8,11.7,11.8,120.4,120.8,120,1244.5605,1238.428,1250.693,356.032,347.474,364.59,29.677,33.967,25.387,2.936,2.6,3.272,1.9395,1.786,2.093,0.716,0.796,0.636,6.385,6.377,6.393,6.385,6.377,6.393,7.4880000000000000,7.566,7.41,7.4880000000000000,7.566,7.41,8.787000000000000,8.777,8.797,8.787000000000000,8.777,8.797,47.214961,-122.425289
2024-07-03T21:30:00Z,0,24.667,24.667,24.667,101.467,101.467,101.467,1013.107,1013.107,1013.107,90.124,,90.124,0,3.2,3.3,3.1,14.7,14.5,14.9,10.2,10.1,10.3,141,142.1,139.8,981.543,969.343,993.743,279.781,271.497,288.065,20.0405,22.323,17.758,2.1165,1.49,2.743,1.398,1.011,1.785,0.5315,0.336,0.727,4.6445,4.614,4.675,4.6445,4.614,4.675,5.402,5.405,5.399,5.402,5.405,5.399,6.352,6.076,6.628,6.352,6.076,6.628,47.214961,-122.425289
2024-07-03T22:00:00Z,0,23.667,23.667,23.667,101.2,101.2,101.2,1012.959,1012.959,1012.959,87.206,,87.206,0,2.5,2.7,2.4,12,12,12,8.9,8.9,8.9,159.8,160,159.7,800.0315,798.544,801.519,227.1065,224.157,230.056,14.826,16.819,12.833,1.561,1.09,2.032,0.8635,0.552,1.175,0.312,0.229,0.395,3.6000000000000000,3.63,3.57,3.6000000000000000,3.63,3.57,4.207000000000000,4.227,4.187,4.207000000000000,4.227,4.187,4.791,4.619,4.963,4.791,4.619,4.963,47.214961,-122.425289
2024-07-03T22:30:00Z,0,21.867,21.867,21.867,102.333,102.333,102.333,1012.793,1012.793,1012.793,89.673,,89.673,0,2.5,2.6,2.3,11.5,11.5,11.6,8.7,8.6,8.7,163.5,164.2,162.8,769.3895,763.816,774.963,217.678,213.819,221.537,14.9365,17.797,12.076,1.517,1.263,1.771,0.9105,0.78,1.041,0.2355,0.254,0.217,3.065,3.432,2.698,3.0665,3.435,2.698,3.596,4.065,3.127,3.596,4.065,3.127,4.2205000000000000,4.592,3.849,4.2205000000000000,4.592,3.849,47.214961,-122.425289
2024-07-03T23:00:00Z,0,21,21,21,101.267,101.267,101.267,1012.541,1012.541,1012.541,84.991,,84.991,0,2,2.1,2,9.5,9.4,9.6,7.6,7.6,7.7,182.1,183.2,181,634.3655,627.085,641.646,178.665,173.438,183.892,12.1995,13.878,10.521,1.113,0.948,1.278,0.744,0.617,0.871,0.15350000000000000,0.139,0.168,2.203,2.533,1.873,2.203,2.533,1.873,2.662,3.03,2.294,2.662,3.03,2.294,3.115,3.393,2.837,3.115,3.393,2.837,47.214961,-122.425289
2024-07-03T23:30:00Z,0,20.933,20.933,20.933,99.733,99.733,99.733,1012.427,1012.427,1012.427,83.525,,83.525,0,2,2,1.9,9.2,9,9.4,7.4,7.3,7.6,185.3,187.8,182.9,613.4485,597.989,628.908,172.859,165.305,180.413,11.841000000000000,13.401,10.281,0.8995,0.713,1.086,0.5365,0.461,0.612,0.147,0.181,0.113,2.0775,2.35,1.805,2.0775,2.35,1.805,2.54,2.89,2.19,2.54,2.89,2.19,2.885,3.191,2.579,2.885,3.191,2.579,47.214961,-122.425289
2024-07-04T00:00:00Z,0,21,21,21,98.067,98.067,98.067,1012.272,1012.272,1012.272,81.855,,81.855,0,2,2,1.9,9.2,9.2,9.3,7.5,7.4,7.5,185.1,185.8,184.5,614.754,610.735,618.773,173.9435,169.966,177.921,12.264,13.417,11.111,1.149,0.891,1.407,0.775,0.643,0.907,0.2315,0.273,0.19,2.1145,2.506,1.723,2.1145,2.506,1.723,2.5775,2.995,2.16,2.5775,2.995,2.16,3.091,3.427,2.755,3.091,3.427,2.755,47.214961,-122.425289
2024-07-04T00:30:00Z,0,24.933,24.933,24.933,91.733,91.733,91.733,1012.005,1012.005,1012.005,80.826,,80.826,0,2.1,2.1,2,9.2,9.3,9.1,7.5,7.5,7.4,185,183.8,186.2,615.567,623.132,608.002,175.0115,173.788,176.235,12.8845,14.401,11.368,0.8415,0.793,0.89,0.436,0.395,0.477,0.1265,0.097,0.156,2.622,2.689,2.555,2.622,2.689,2.555,3.1635,3.246,3.081,3.1635,3.246,3.081,3.4625,3.522,3.403,3.4625,3.522,3.403,47.214961,-122.425289
2024-07-04T01:00:00Z,0,27.078,27.078,27.078,88.994,88.994,88.994,1011.783,1011.783,1011.783,78.902,,78.902,0,2.3,2.4,2.1,10.2,10.4,9.9,8,8.1,7.9,175.8,173.7,177.9,677.2185,691.853,662.584,192.875,193.93,191.82,14.84,16.623,13.057,1.212,0.998,1.426,0.697,0.57,0.824,0.2365,0.25,0.223,3.004,3.084,2.924,3.004,3.084,2.924,3.6005000000000000,3.712,3.489,3.6005000000000000,3.712,3.489,4.0695,4.114,4.025,4.0695,4.114,4.025,47.214961,-122.425289
2024-07-04T01:30:00Z,0,30.133,30.133,30.133,86.867,86.867,86.867,1011.633,1011.633,1011.633,78.887,,78.887,0.001,3.3,3.4,3.3,13.6,13.3,13.8,9.7,9.5,9.8,148.5,150.3,146.7,903.9525,886.036,921.869,259.068,249.838,268.298,26.377000000000000,27.911,24.843,3.1535,2.897,3.41,1.8120000000000000,1.409,2.215,0.5805,0.511,0.65,4.3095,4.187,4.432,4.3095,4.187,4.432,5.506,5.469,5.543,5.506,5.469,5.543,6.743,6.425,7.061,6.743,6.425,7.061,47.214961,-122.425289
2024-07-04T02:00:00Z,0,33.067,33.067,33.067,84.6,84.6,84.6,1011.516,1011.516,1011.516,80.599,,80.599,0.009,2.9,3,2.7,12.6,12.6,12.7,9.2,9.2,9.2,155,155.3,154.8,841.953,839.643,844.263,240.102,236.467,243.737,18.8475,21.449,16.246,1.421,1.381,1.461,0.875,0.871,0.879,0.28,0.323,0.237,3.9770000000000000,3.992,3.962,3.9770000000000000,3.992,3.962,4.7355,4.791,4.68,4.7355,4.791,4.68,5.296000000000000,5.353,5.239,5.296000000000000,5.353,5.239,47.214961,-122.425289
2024-07-04T02:30:00Z,0,35.733,35.733,35.733,82.8,82.8,82.8,1011.521,1011.521,1011.521,78.777,,78.777,0.01,3.8,3.9,3.6,16.5,16.6,16.4,10.9,11,10.9,130.8,130.1,131.4,1101.3725,1109.611,1093.134,313.164,310.375,315.953,25.5475,28.059,23.036,2.2910000000000000,1.971,2.611,1.2230000000000000,0.925,1.521,0.38,0.368,0.392,5.4955,5.481,5.51,5.4955,5.481,5.51,6.555,6.629,6.481,6.555,6.629,6.481,7.4015,7.283,7.52,7.4015,7.283,7.52,47.214961,-122.425289
2024-07-04T03:00:00Z,0,34.867,34.867,34.867,81.8,81.8,81.8,1011.487,1011.487,1011.487,80.181,,80.181,0.01,3.5,3.6,3.4,14.8,14.8,14.9,10.2,10.2,10.2,140.3,140.7,140,988.3035,984.854,991.753,283.741,278.195,289.287,24.409,26.116,22.702,1.9945,1.474,2.515,1.165,0.897,1.433,0.40900000000000000,0.379,0.439,4.836,4.82,4.852,4.836,4.82,4.852,5.853,5.847,5.859,5.853,5.847,5.859,6.673,6.481,6.865,6.673,6.481,6.865,47.214961,-122.425289
2024-07-04T03:30:00Z,0,35.933,35.933,35.933,80.733,80.733,80.733,1011.397,1011.397,1011.397,82.471,,82.471,0.01,3.1,3.3,2.9,12.8,13.1,12.5,9.3,9.4,9.2,153.9,151.8,156.1,852.211,871.731,832.691,243.298,245.11,241.486,23.4065,25.717,21.096,2.2885,2.168,2.409,1.343,1.13,1.556,0.53,0.52,0.54,4.0595,4.23,3.889,4.0595,4.23,3.889,5.031000000000000,5.248,4.814,5.031000000000000,5.248,4.814,5.954,6.039,5.869,5.954,6.039,5.869,47.214961,-122.425289
2024-07-04T04:00:00Z,0,38.8,38.8,38.8,79.067,79.067,79.067,1011.571,1011.571,1011.571,86.599,,86.599,0.01,4.5,4.6,4.4,17.4,17.3,17.5,11.3,11.2,11.3,126.2,126.7,125.7,1161.068,1154.21,1167.926,334.2875,329.14,339.435,37.239000000000000,39.683,34.795,3.4300000000000000,3.203,3.657,1.767,1.665,1.869,0.596,0.574,0.618,5.9535,5.94,5.967,5.9535,5.94,5.967,7.593500000000000,7.634,7.553,7.593500000000000,7.634,7.553,8.810500000000000,8.711,8.91,8.810500000000000,8.711,8.91,47.214961,-122.425289
2024-07-04T04:30:00Z,0,42.133,42.133,42.133,77.267,77.267,77.267,1011.882,1011.882,1011.882,81.8,,81.8,0.01,6.7,7,6.4,27.1,27.5,26.7,14.5,14.6,14.4,91.7,90.8,92.7,1806.312,1830.577,1782.047,517.185,516.718,517.652,51.6945,56.476,46.913,4.393000000000000,4.253,4.533,1.936,1.837,2.035,0.5585,0.598,0.519,9.777000000000000,9.977,9.577,9.777000000000000,9.977,9.577,12.1265,12.412,11.841,12.1265,12.412,11.841,13.439500000000000,13.644,13.235,13.439500000000000,13.644,13.235,47.214961,-122.425289
2024-07-04T05:00:00Z,0,44.4,44.4,44.4,75.867,75.867,75.867,1011.945,1011.945,1011.945,85.641,,85.641,0.01,8.6,8.9,8.2,34.3,34.9,33.8,16.3,16.5,16.2,76.1,75.2,77.1,2289.724,2324.971,2254.477,657.6415,659.271,656.012,65.585,70.788,60.382,4.8175,4.218,5.417,2.2975000000000000,2.019,2.576,0.708,0.69,0.726,12.701,13.031,12.371,12.673,12.989,12.357,15.559000000000000,15.781,15.337,15.5595,15.782,15.337,17.1605,17.195,17.126,17.1605,17.195,17.126,47.214961,-122.425289
2024-07-04T05:30:00Z,0,45.067,45.067,45.067,75,75,75,1011.93,1011.93,1011.93,79.636,,79.636,0.01,9.2,9.6,8.8,35.6,36.3,34.8,16.6,16.8,16.4,74.1,72.9,75.3,2370.169,2417.729,2322.609,682.903,687.833,677.973,74.9885,80.039,69.938,6.539,5.661,7.417,2.866,2.369,3.363,0.6910000000000000,0.661,0.721,13.274000000000000,13.616,12.932,13.274000000000000,13.616,12.932,16.6465,16.953,16.34,16.6465,16.953,16.34,18.6495,18.617,18.682,18.6495,18.617,18.682,47.214961,-122.425289
2024-07-04T06:00:00Z,0,46.267,46.267,46.267,73.533,73.533,73.533,1011.94,1011.94,1011.94,79.831,,79.831,0.01,9.1,9.6,8.6,37.3,38.1,36.5,17,17.2,16.8,71.2,70,72.5,2487.2290000000000,2540.135,2434.323,709.3145,713.433,705.196,69.09700000000000,75.482,62.712,5.8740000000000000,4.945,6.803,2.4805,1.899,3.062,0.704,0.611,0.797,13.679,14.023,13.335,13.679,14.023,13.335,16.8395,17.101,16.578,16.8395,17.101,16.578,18.618500000000000,18.598,18.639,18.618500000000000,18.598,18.639,47.214961,-122.425289
2024-07-04T06:30:00Z,0,47.2,47.2,47.2,72.8,72.8,72.8,1012.128,1012.128,1012.128,76.644,,76.644,0.01,5.4,5.6,5.2,21.8,22.1,21.5,12.9,12.9,12.8,107.8,106.9,108.8,1453.7225,1471.141,1436.304,416.2785,416.362,416.195,41.153500000000000,44.663,37.644,3.074,3.002,3.146,1.498,1.173,1.823,0.484,0.477,0.491,7.5785,7.605,7.552,7.5785,7.605,7.552,9.375,9.459,9.291,9.375,9.459,9.291,10.4225,10.337,10.508,10.4225,10.337,10.508,47.214961,-122.425289
2024-07-04T07:00:00Z,0,47.111,47.111,47.111,72.083,72.083,72.083,1012.3,1012.3,1012.3,76.112,,76.112,0.01,4.4,4.6,4.1,17.6,17.8,17.3,11.3,11.4,11.2,125.5,124.2,126.8,1170.9805000000000,1189.008,1152.953,336.1245,338.203,334.046,34.2415,37.955,30.528,3.0140000000000000,2.678,3.35,1.5140000000000000,1.257,1.771,0.498,0.454,0.542,6.0135000000000000,6.131,5.896,6.0135000000000000,6.131,5.896,7.4955,7.698,7.293,7.4955,7.698,7.293,8.5415,8.565,8.518,8.5415,8.565,8.518,47.214961,-122.425289
2024-07-04T07:30:00Z,0,48.167,48.167,48.167,71.75,71.75,71.75,1012.439,1012.439,1012.439,73.574,,73.574,0.01,4.6,4.8,4.4,17.8,17.9,17.7,11.4,11.5,11.4,124.4,123.8,125,1186.4570000000000,1194.815,1178.099,342.01100000000000,339.997,344.025,37.318,40.935,33.701,2.5885,2.255,2.922,1.354,1.051,1.657,0.36,0.287,0.433,6.121,6.222,6.02,6.121,6.222,6.02,7.73,7.9,7.56,7.73,7.9,7.56,8.660500000000000,8.631,8.69,8.660500000000000,8.631,8.69,47.214961,-122.425289
2024-07-04T08:00:00Z,0,49.2,49.2,49.2,70.867,70.867,70.867,1012.546,1012.546,1012.546,71.398,,71.398,0.01,4.3,4.5,4.1,16.8,17,16.5,11,11.1,10.9,129.6,128.3,130.8,1116.7595000000000,1132.65,1100.869,320.794,320.789,320.799,34.0445,37.191,30.898,2.682,2.605,2.759,1.4085,1.211,1.606,0.4325,0.423,0.442,5.661,5.739,5.583,5.661,5.739,5.583,7.172500000000000,7.337,7.008,7.172500000000000,7.337,7.008,8.1395,8.175,8.104,8.1395,8.175,8.104,47.214961,-122.425289
2024-07-04T08:30:00Z,0,50.333,50.333,50.333,69.933,69.933,69.933,1012.579,1012.579,1012.579,71.823,,71.823,0.01,4.2,4.4,4.1,16.4,16.6,16.2,10.9,11,10.8,131.4,130.2,132.6,1093.2940000000000,1108.095,1078.493,313.70800000000000,313.741,313.675,34.636000000000000,37.747,31.525,2.6095000000000000,2.504,2.715,1.232,1.037,1.427,0.397,0.405,0.389,5.5735,5.673,5.474,5.5735,5.673,5.474,7.127,7.241,7.013,7.127,7.241,7.013,7.952,7.969,7.935,7.952,7.969,7.935,47.214961,-122.425289
2024-07-04T09:00:00Z,0,51.467,51.467,51.467,69,69,69,1012.664,1012.664,1012.664,73.831,,73.831,0.01,4.8,5.1,4.5,18.4,18.7,18,11.6,11.8,11.5,121.7,120.1,123.4,1224.1570000000000,1248.457,1199.857,349.019,351.995,346.043,39.772,43.693,35.851,3.2465,2.893,3.6,1.5095,1.225,1.794,0.519,0.526,0.512,6.396,6.495,6.297,6.396,6.495,6.297,8.1365,8.317,7.956,8.1365,8.317,7.956,9.1975,9.189,9.206,9.1975,9.189,9.206,47.214961,-122.425289
2024-07-04T09:30:00Z,0,52.467,52.467,52.467,68.467,68.467,68.467,1012.663,1012.663,1012.663,70.125,,70.125,0.01,4.6,4.8,4.3,17.6,17.9,17.3,11.4,11.5,11.2,125.2,123.7,126.7,1175.2870000000000,1196.389,1154.185,338.587,340.939,336.235,37.3315,40.166,34.497,2.9885,2.525,3.452,1.5105,1.207,1.814,0.439,0.26,0.618,6.154,6.302,6.006,6.154,6.302,6.006,7.819,7.989,7.649,7.819,7.989,7.649,8.869,8.829,8.909,8.869,8.829,8.909,47.214961,-122.425289
2024-07-04T10:00:00Z,0,53.533,53.533,53.533,68,68,68,1012.759,1012.759,1012.759,76.669,,76.669,0.01,5.4,5.7,5.1,20.2,20.8,19.6,12.3,12.5,12.1,113.9,111.7,116.2,1346.0935,1383.447,1308.74,387.4785,393.894,381.063,45.791,49.221,42.361,3.498,2.783,4.213,1.7625,1.335,2.19,0.5355,0.506,0.565,7.21,7.475,6.945,7.21,7.475,6.945,9.2035,9.466,8.941,9.2035,9.466,8.941,10.439,10.39,10.488,10.439,10.39,10.488,47.214961,-122.425289
2024-07-04T10:30:00Z,0,54.4,54.4,54.4,67.333,67.333,67.333,1012.735,1012.735,1012.735,74.507,,74.507,0.01,5.4,5.7,5,19.9,20.5,19.3,12.2,12.4,12,115.1,112.6,117.8,1326.23,1369.025,1283.435,380.9395,388.704,373.175,46.085,50.874,41.296,3.33,3.625,3.035,1.767,1.953,1.581,0.489,0.601,0.377,7.046000000000000,7.281,6.811,7.046000000000000,7.281,6.811,9.096,9.421,8.771,9.096,9.421,8.771,10.2665,10.718,9.815,10.2665,10.718,9.815,47.214961,-122.425289
2024-07-04T11:00:00Z,0,55,55,55,66.933,66.933,66.933,1012.629,1012.629,1012.629,73.296,,73.296,0.01,8.4,8.7,8.1,28.3,28.9,27.7,14.8,15,14.6,88.8,87.3,90.3,1885.078,1926.395,1843.761,545.0925,550.825,539.36,84.146,86.965,81.327,9.6345,8.349,10.92,4.657500000000000,3.74,5.575,1.3785000000000000,1.246,1.511,10.264,10.533,9.995,10.264,10.533,9.995,14.6745,14.643,14.706,14.6745,14.643,14.706,18.145000000000000,17.475,18.815,18.145000000000000,17.475,18.815,47.214961,-122.425289
2024-07-04T11:30:00Z,0,55.8,55.8,55.8,66.4,66.4,66.4,1012.795,1012.795,1012.795,73.858,,73.858,0.01,6.8,7.1,6.5,24.3,24.8,23.7,13.6,13.8,13.5,99.7,98,101.5,1617.2505,1654.895,1579.606,466.244,470.443,462.045,62.2355,66.942,57.529,5.8455000000000000,5.531,6.16,2.322,1.983,2.661,0.671,0.638,0.704,8.8065,9.028,8.585,8.8065,9.028,8.585,11.9515,12.069,11.834,11.9515,12.069,11.834,13.790500000000000,13.576,14.005,13.790500000000000,13.576,14.005,47.214961,-122.425289
2024-07-04T12:00:00Z,0,56.6,56.6,56.6,66,66,66,1012.968,1012.968,1012.968,76.907,,76.907,0.01,6.4,6.8,6,23.1,23.6,22.5,13.3,13.4,13.1,103.5,101.7,105.4,1537.3645000000000,1575.046,1499.683,444.66050000000000,450.361,438.96,56.616,62.179,51.053,4.2735,4.454,4.093,2.034,2.001,2.067,0.6955,0.753,0.638,8.413,8.681,8.145,8.413,8.681,8.145,10.9945,11.319,10.67,10.9945,11.319,10.67,12.593,12.831,12.355,12.593,12.831,12.355,47.214961,-122.425289
2024-07-04T12:30:00Z,0,57,57,57,66,66,66,1013.128,1013.128,1013.128,79.005,,79.005,0.01,7.3,7.8,6.9,27,27.8,26.2,14.4,14.7,14.2,92,90.1,94.1,1798.8695,1850.127,1747.612,516.113,523.86,508.366,63.70100000000000,69.737,57.665,4.959,4.825,5.093,2.048,1.842,2.254,0.607,0.616,0.598,9.8395,10.104,9.575,9.8395,10.104,9.575,13.193,13.167,13.219,13.193,13.167,13.219,14.75,14.575,14.925,14.75,14.575,14.925,47.214961,-122.425289
2024-07-04T13:00:00Z,0,57.933,57.933,57.933,66.133,66.133,66.133,1013.231,1013.231,1013.231,81.742,,81.742,0.01,9.7,10.1,9.2,34.1,35.1,33.1,16.3,16.5,16,76.5,74.8,78.4,2276.013,2342.287,2209.739,656.03,665.915,646.145,89.632,95.729,83.535,8.587,8.041,9.133,3.109,2.781,3.437,0.838,0.701,0.975,12.92,13.121,12.719,12.3875,12.539,12.236,17.0935,16.879,17.308,17.744500000000000,17.527,17.962,19.879000000000000,19.521,20.237,20.1595,19.837,20.482,47.214961,-122.425289
2024-07-04T13:30:00Z,0,58.2,58.2,58.2,67.667,67.667,67.667,1013.295,1013.295,1013.295,79.605,,79.605,0.01,6.9,7.2,6.6,24.6,25.1,24.1,13.7,13.9,13.6,98.7,97.2,100.2,1639.373,1672.733,1606.013,473.9605,478.114,469.807,61.399,65.596,57.202,4.8575,4.518,5.197,2.4655,2.312,2.619,0.7775,0.84,0.715,9.061,9.285,8.837,9.061,9.285,8.837,11.849,12.035,11.663,11.849,12.035,11.663,13.745000000000000,13.632,13.858,13.745000000000000,13.632,13.858,47.214961,-122.425289
2024-07-04T14:00:00Z,0,55.533,55.533,55.533,69.533,69.533,69.533,1013.233,1013.233,1013.233,81.153,,81.153,0.01,6.1,6.5,5.7,22.4,22.9,21.8,13,13.2,12.9,105.9,104,107.9,1490.7915,1528.701,1452.882,430.5765,435.101,426.052,52.663,58.083,47.243,4.1845,3.681,4.688,2.092,1.834,2.35,0.6865,0.75,0.623,8.005,8.079,7.931,8.005,8.079,7.931,10.372,10.489,10.255,10.372,10.489,10.255,11.904500000000000,11.745,12.064,11.904500000000000,11.745,12.064,47.214961,-122.425289
2024-07-04T14:30:00Z,0,52.267,52.267,52.267,72.067,72.067,72.067,1013.349,1013.349,1013.349,80.846,,80.846,0.01,5.1,5.4,4.8,19,19.3,18.7,11.9,12,11.8,119,117.6,120.4,1265.3975,1287.348,1243.447,364.578,365.435,363.721,44.2155,48.379,40.052,3.6370000000000000,3.145,4.129,1.8860000000000000,1.655,2.117,0.5575,0.546,0.569,6.6315,6.612,6.651,6.6315,6.612,6.651,8.563,8.621,8.505,8.563,8.621,8.505,9.840500000000000,9.735,9.946,9.840500000000000,9.735,9.946,47.214961,-122.425289
2024-07-04T15:00:00Z,0,49.4,49.4,49.4,74.267,74.267,74.267,1013.355,1013.355,1013.355,85.283,,85.283,0.01,6.5,6.7,6.4,24,23.8,24.2,13.6,13.5,13.6,100.6,101.3,99.9,1599.0965,1584.179,1614.014,462.8835,453.486,472.281,56.849000000000000,59.591,54.107,4.8955,4.268,5.523,2.335,1.897,2.773,0.583,0.555,0.611,8.650500000000000,8.428,8.873,8.650500000000000,8.428,8.873,11.177,10.899,11.455,11.177,10.899,11.455,12.84,12.321,13.359,12.84,12.321,13.359,47.214961,-122.425289
2024-07-04T15:30:00Z,0,45.8,45.8,45.8,77.333,77.333,77.333,1013.324,1013.324,1013.324,81.219,,81.219,0.01,5.1,5.4,4.9,19.7,19.9,19.5,12.1,12.2,12.1,116,115.2,116.8,1312.6170000000000,1325.804,1299.43,376.40100000000000,376.049,376.753,42.666,46.703,38.629,3.584,3.563,3.605,1.9615,1.805,2.118,0.64,0.629,0.651,6.724,6.805,6.643,6.724,6.805,6.643,8.5625,8.738,8.387,8.5625,8.738,8.387,9.9255,10.004,9.847,9.9255,10.004,9.847,47.214961,-122.425289
2024-07-04T16:00:00Z,0,44.267,44.267,44.267,77.867,77.867,77.867,1013.291,1013.291,1013.291,82.225,,82.225,0.01,4.1,4.3,3.9,16.2,16.3,16.1,10.8,10.8,10.8,132.4,131.8,133,1080.687,1088.203,1073.171,309.1575,308.835,309.48,33.094,36.07,30.118,3.0255,2.876,3.175,1.661,1.711,1.611,0.5855,0.684,0.487,5.3355,5.389,5.282,5.3355,5.389,5.282,6.781,6.845,6.717,6.781,6.845,6.717,7.900500000000000,8.008,7.793,7.900500000000000,8.008,7.793,47.214961,-122.425289
2024-07-04T16:30:00Z,0,43.6,43.6,43.6,78.533,78.533,78.533,1013.196,1013.196,1013.196,84.846,,84.846,0.01,4,4.1,3.9,16.1,15.9,16.3,10.8,10.7,10.8,133,134.1,132,1073.262,1060.693,1085.831,307.905,300.763,315.047,31.972,34.255,29.689,3.153,2.567,3.739,1.7375,1.424,2.051,0.5215000000000000,0.368,0.675,5.321,5.258,5.384,5.321,5.258,5.384,6.6715,6.628,6.715,6.6715,6.628,6.715,7.868,7.595,8.141,7.868,7.595,8.141,47.214961,-122.425289
2024-07-04T17:00:00Z,0,43.333,43.333,43.333,77.867,77.867,77.867,1013.117,1013.117,1013.117,82.947,,82.947,0.01,4.8,5,4.7,18.8,18.9,18.7,11.8,11.8,11.8,119.9,119.5,120.4,1251.268,1258.233,1244.303,359.7845,359.084,360.485,39.969,43.119,36.819,3.683,3.499,3.867,2.059,1.971,2.147,0.544,0.561,0.527,6.394,6.479,6.309,6.394,6.479,6.309,8.121500000000000,8.191,8.052,8.121500000000000,8.191,8.052,9.500500000000000,9.53,9.471,9.500500000000000,9.53,9.471,47.214961,-122.425289
2024-07-04T17:30:00Z,0,42.65,42.65,42.65,77.833,77.833,77.833,1013.084,1013.084,1013.084,82.514,,82.514,0.01,3.7,3.9,3.5,15.1,15.2,15,10.4,10.4,10.3,138.5,138,139,1008.703,1014.596,1002.81,288.12850000000000,285.397,290.86,29.247,32.922,25.572,3.1195000000000000,3.297,2.942,1.6100000000000000,1.572,1.648,0.464,0.522,0.406,4.893000000000000,4.972,4.814,4.893000000000000,4.972,4.814,6.1715,6.329,6.014,6.1715,6.329,6.014,7.287,7.459,7.115,7.287,7.459,7.115,47.214961,-122.425289
2024-07-04T18:00:00Z,0,41.667,41.667,41.667,78.133,78.133,78.133,1012.955,1012.955,1012.955,84.822,,84.822,0.01,2.9,3,2.8,12.3,12.5,12.2,9.1,9.1,9,157.3,156.3,158.4,821.5910000000000,830.555,812.627,234.1525,233.079,235.226,21.173000000000000,22.783,19.563,2.0815,1.801,2.362,1.287,0.993,1.581,0.38,0.389,0.371,3.7975,3.815,3.78,3.7975,3.815,3.78,4.6345,4.676,4.593,4.6345,4.676,4.593,5.4815000000000000,5.363,5.6,5.4815000000000000,5.363,5.6,47.214961,-122.425289
2024-07-04T18:30:00Z,0,39.933,39.933,39.933,79.4,79.4,79.4,1012.72,1012.72,1012.72,87.123,,87.123,0.01,2.7,2.8,2.6,11.8,11.8,11.7,8.8,8.8,8.8,161.8,161.4,162.2,783.508,786.467,780.549,224.289,221.697,226.881,18.7855,20.836,16.735,1.741,1.541,1.941,0.9655,0.738,1.193,0.34000000000000000,0.293,0.387,3.4865,3.524,3.449,3.4865,3.524,3.449,4.2670000000000000,4.287,4.247,4.2670000000000000,4.287,4.247,4.9345,4.796,5.073,4.9345,4.796,5.073,47.214961,-122.425289
2024-07-04T19:00:00Z,0,37.267,37.267,37.267,83.067,83.067,83.067,1012.621,1012.621,1012.621,86.189,,86.189,0.01,2.8,2.9,2.7,12.4,12.6,12.3,9.1,9.2,9.1,156.5,155.6,157.4,828.9025000000000,836.669,821.136,234.7615,232.186,237.337,19.7105,21.348,18.073,1.9445000000000000,1.793,2.096,1.1510000000000000,1.043,1.259,0.34300000000000000,0.299,0.387,3.6880000000000000,3.733,3.643,3.6880000000000000,3.733,3.643,4.5235,4.61,4.437,4.5235,4.61,4.437,5.3005000000000000,5.258,5.343,5.3005000000000000,5.258,5.343,47.214961,-122.425289
2024-07-04T19:30:00Z,0,33.333,33.333,33.333,88.667,88.667,88.667,1012.397,1012.397,1012.397,87.99,,87.99,0.007,2.9,3.1,2.8,13.2,13.3,13.1,9.5,9.6,9.4,150.8,149.9,151.7,881.354,889.924,872.784,248.7955,247.646,249.945,19.208,21.041,17.375,1.629,1.351,1.907,0.9160000000000000,0.684,1.148,0.2795,0.225,0.334,3.907,3.965,3.849,3.907,3.965,3.849,4.775,4.833,4.717,4.775,4.833,4.717,5.4055,5.329,5.482,5.4055,5.329,5.482,47.214961,-122.425289
2024-07-04T20:00:00Z,0,28.867,28.867,28.867,94.4,94.4,94.4,1012.247,1012.247,1012.247,90.842,,90.842,0,2.8,2.9,2.6,12.6,12.7,12.5,9.2,9.2,9.1,155.5,154.7,156.3,838.1495,845.316,830.983,235.6095,235.194,236.025,17.603,20.791,14.415,1.5955,1.555,1.636,0.9060000000000000,0.846,0.966,0.301,0.289,0.313,3.7075,3.737,3.678,3.7075,3.737,3.678,4.42,4.529,4.311,4.42,4.529,4.311,5.0170000000000000,5.051,4.983,5.0170000000000000,5.051,4.983,47.214961,-122.425289
2024-07-04T20:30:00Z,0,23.933,23.933,23.933,100.4,100.4,100.4,1012.142,1012.142,1012.142,97.243,,97.243,0,2.2,2.3,2.1,10.7,10.7,10.6,8.2,8.3,8.2,171.1,170.4,171.8,710.746,716.207,705.285,200.3465,198.109,202.584,12.909500000000000,14.897,10.922,1.3315000000000000,1.206,1.457,0.7190000000000000,0.655,0.783,0.244,0.261,0.227,2.547,2.946,2.148,2.547,2.946,2.148,3.0875,3.484,2.691,3.0875,3.484,2.691,3.5715,3.913,3.23,3.5715,3.913,3.23,47.214961,-122.425289
2024-07-04T21:00:00Z,0,20.6,20.6,20.6,104.2,104.2,104.2,1011.881,1011.881,1011.881,96.609,,96.609,0,1.9,2,1.9,9.2,9.2,9.3,7.5,7.4,7.5,184.9,185.6,184.2,616.373,612.113,620.633,173.044,168.854,177.234,11.742,13.489,9.995,1.4650000000000000,1.365,1.565,0.7865,0.72,0.853,0.23200000000000000,0.255,0.209,1.952,2.275,1.629,1.952,2.275,1.629,2.4595000000000000,2.855,2.064,2.4595000000000000,2.855,2.064,2.9925,3.341,2.644,2.9925,3.341,2.644,47.214961,-122.425289
2024-07-04T21:30:00Z,0,19.267,19.267,19.267,107.2,107.2,107.2,1011.561,1011.561,1011.561,98.665,,98.665,0,1.9,2,1.8,9.3,9.1,9.4,7.5,7.4,7.6,184.6,186.3,182.8,618.43,607.473,629.387,173.65300000000000,167.589,179.717,10.8225,12.846,8.799,1.0070000000000000,0.937,1.077,0.6485000000000000,0.665,0.632,0.2355,0.231,0.24,1.6615,1.623,1.7,1.6615,1.623,1.7,2.0795000000000000,2.06,2.099,2.0795000000000000,2.06,2.099,2.484,2.477,2.491,2.484,2.477,2.491,47.214961,-122.425289
2024-07-04T22:00:00Z,0,18.867,18.867,18.867,108,108,108,1011.302,1011.302,1011.302,99.313,,99.313,0,1.9,2,1.9,9.6,9.4,9.8,7.7,7.6,7.8,181.3,183.1,179.6,639.287,627.684,650.89,179.328,171.251,187.405,10.64,11.887,9.393,1.331,1.007,1.655,0.853,0.703,1.003,0.2525,0.275,0.23,1.7095,1.616,1.803,1.7095,1.616,1.803,2.106,1.997,2.215,2.106,1.997,2.215,2.693,2.507,2.879,2.693,2.507,2.879,47.214961,-122.425289
2024-07-04T22:30:00Z,0,19.2,19.2,19.2,107.533,107.533,107.533,1011.072,1011.072,1011.072,98.195,,98.195,0,1.9,2,1.9,9.6,9.4,9.8,7.7,7.6,7.8,181.1,183.2,179.1,640.838,627.301,654.375,178.90800000000000,171.773,186.043,10.311500000000000,11.77,8.853,1.1585,0.89,1.427,0.762,0.555,0.969,0.2565,0.258,0.255,1.7690000000000000,1.69,1.848,1.7690000000000000,1.69,1.848,2.0985,2.029,2.168,2.0985,2.029,2.168,2.652,2.473,2.831,2.652,2.473,2.831,47.214961,-122.425289
2024-07-04T23:00:00Z,0,19.8,19.8,19.8,105.6,105.6,105.6,1010.938,1010.938,1010.938,96.036,,96.036,0,2.2,2.3,2.1,10.8,10.6,11.1,8.3,8.2,8.5,169.6,171.9,167.4,721.8915,705.172,738.611,202.6535,195.145,210.162,11.894,14.429,9.359,1.2495,1.143,1.356,0.753,0.661,0.845,0.255,0.261,0.249,2.26,2.208,2.312,2.26,2.208,2.312,2.7,2.697,2.703,2.7,2.697,2.703,3.211,3.147,3.275,3.211,3.147,3.275,47.214961,-122.425289
2024-07-04T23:30:00Z,0,21.333,21.333,21.333,103.067,103.067,103.067,1010.648,1010.648,1010.648,93.554,,93.554,0,2.2,2.3,2.2,10.6,10.4,10.9,8.2,8.1,8.3,171.3,173.4,169.3,708.958,693.929,723.987,200.10000000000000,192.341,207.859,12.872,14.637,11.107,1.2595,1.014,1.505,0.821,0.659,0.983,0.3105,0.299,0.322,2.5060000000000000,2.729,2.283,2.5060000000000000,2.729,2.283,3.026,3.319,2.733,3.026,3.319,2.733,3.5780000000000000,3.765,3.391,3.5780000000000000,3.765,3.391,47.214961,-122.425289