time_stamp,private,humidity,humidity_a,humidity_b,temperature,temperature_a,temperature_b,pressure,pressure_a,pressure_b,voc,voc_a,voc_b,analog_input,pm2.5_alt,pm2.5_alt_a,pm2.5_alt_b,scattering_coefficient,scattering_coefficient_a,scattering_coefficient_b,deciviews,deciviews_a,deciviews_b,visual_range,visual_range_a,visual_range_b,0.3_um_count,0.3_um_count_a,0.3_um_count_b,0.5_um_count,0.5_um_count_a,0.5_um_count_b,1.0_um_count,1.0_um_count_a,1.0_um_count_b,2.5_um_count,2.5_um_count_a,2.5_um_count_b,5.0_um_count,5.0_um_count_a,5.0_um_count_b,10.0_um_count,10.0_um_count_a,10.0_um_count_b,pm1.0_cf_1,pm1.0_cf_1_a,pm1.0_cf_1_b,pm1.0_atm,pm1.0_atm_a,pm1.0_atm_b,pm2.5_atm,pm2.5_atm_a,pm2.5_atm_b,pm2.5_cf_1,pm2.5_cf_1_a,pm2.5_cf_1_b,pm10.0_atm,pm10.0_atm_a,pm10.0_atm_b,pm10.0_cf_1,pm10.0_cf_1_a,pm10.0_cf_1_b
2024-07-03T00:00:00Z,0,38.533,38.533,38.533,78.6,78.6,78.6,1008.688,1008.688,1008.688,75.648,,75.648,0.02,2.2,2.4,2.1,9.6,9.7,9.5,7.6,7.7,7.6,181.5,180.5,182.5,638.096,644.815,631.377,175.2955,179.904,170.687,16.6785,19.369,13.988,1.7625,2.327,1.198,0.40900000000000003,0.503,0.315,0.258,0.289,0.227,2.254,2.385,2.123,2.254,2.385,2.123,3.173,3.493,2.853,3.173,3.493,2.853,3.5084999999999997,3.867,3.15,3.5084999999999997,3.867,3.15
2024-07-03T00:30:00Z,0,37.867,37.867,37.867,79.133,79.133,79.133,1008.569,1008.569,1008.569,92.079,,92.079,0.02,2.1,2.3,2,9.2,9.3,9,7.4,7.5,7.3,185.7,183.8,187.7,610.8975,623.011,598.784,167.5975,172.844,162.351,15.576,17.949,13.203,1.6549999999999998,1.92,1.39,0.3625,0.361,0.364,0.311,0.331,0.291,2.1965,2.363,2.03,2.1965,2.363,2.03,3.0545,3.396,2.713,3.0545,3.396,2.713,3.379,3.691,3.067,3.379,3.691,3.067
2024-07-03T01:00:00Z,0,38.067,38.067,38.067,79.2,79.2,79.2,1008.474,1008.474,1008.474,87.221,,87.221,0.02,2,2.2,1.9,8.6,8.8,8.4,7.1,7.2,7,192,189.8,194.2,573.0145,585.832,560.197,155.829,161.377,150.281,15.123000000000001,17.259,12.987,1.4365,1.708,1.165,0.35350000000000004,0.433,0.274,0.224,0.255,0.193,1.905,2.015,1.795,1.905,2.015,1.795,2.737,3.009,2.465,2.737,3.009,2.465,3.043,3.365,2.721,3.043,3.365,2.721
2024-07-03T01:30:00Z,0,38.267,38.267,38.267,79.067,79.067,79.067,1008.381,1008.381,1008.381,132.43,,132.43,0.02,2,2.1,1.9,8.4,8.6,8.3,7,7.1,6.9,193.8,192.3,195.3,562.556,571.216,553.896,154.5195,157.735,151.304,14.9135,16.684,13.143,1.537,1.721,1.353,0.542,0.627,0.457,0.4205,0.501,0.34,1.927,1.983,1.871,1.927,1.983,1.871,2.644,2.811,2.477,2.644,2.811,2.477,3.105,3.275,2.935,3.105,3.275,2.935
2024-07-03T02:00:00Z,0,40.267,40.267,40.267,77.6,77.6,77.6,1008.407,1008.407,1008.407,153.517,,153.517,0.02,1.9,2.1,1.8,8.5,8.9,8.1,7,7.3,6.8,193.2,188.8,197.8,566.0485,592.018,540.079,154.061,163.241,144.881,14.1405,15.713,12.568,1.4260000000000002,1.546,1.306,0.391,0.383,0.399,0.3045,0.318,0.291,1.9609999999999999,2.114,1.808,1.9609999999999999,2.114,1.808,2.7030000000000003,3.041,2.365,2.7030000000000003,3.041,2.365,3.044,3.323,2.765,3.044,3.323,2.765
2024-07-03T02:30:00Z,0,40.133,40.133,40.133,77.933,77.933,77.933,1008.459,1008.459,1008.459,168.111,,168.111,0.02,1.9,2.1,1.8,8,8.3,7.8,6.7,6.9,6.6,198.6,195.9,201.5,535.1865,550.495,519.878,146.38150000000002,152.892,139.871,15.716,17.357,14.075,1.7195,1.827,1.612,0.49,0.467,0.513,0.404,0.376,0.432,1.681,1.794,1.568,1.681,1.794,1.568,2.5915,2.792,2.391,2.5915,2.792,2.391,3.018,3.181,2.855,3.018,3.181,2.855
2024-07-03T03:00:00Z,0,42.467,42.467,42.467,75.733,75.733,75.733,1008.523,1008.523,1008.523,166.491,,166.491,0.02,1.8,2,1.7,7.2,7.4,6.9,6.2,6.4,6.1,209.4,206,212.9,479.25350000000003,496.344,462.163,133.11,138.745,127.475,16.872,19.239,14.505,2.912,3.515,2.309,0.9325,0.992,0.873,0.64,0.737,0.543,1.524,1.645,1.403,1.524,1.645,1.403,2.5735,2.92,2.227,2.5735,2.92,2.227,3.319,3.713,2.925,3.319,3.713,2.925
2024-07-03T03:30:00Z,0,42.6,42.6,42.6,75,75,75,1008.612,1008.612,1008.612,131.603,,131.603,0.02,1.8,1.9,1.6,7.4,7.6,7.1,6.3,6.5,6.2,206.9,203.9,210,491.64750000000004,507.124,476.171,134.8375,139.87,129.805,15.3765,17.551,13.202,2.9485,3.452,2.445,1.01,1.18,0.84,0.762,0.921,0.603,1.5105,1.669,1.352,1.5105,1.669,1.352,2.4725,2.805,2.14,2.4725,2.805,2.14,3.2915,3.686,2.897,3.2915,3.686,2.897
2024-07-03T04:00:00Z,0,45.733,45.733,45.733,72.333,72.333,72.333,1008.705,1008.705,1008.705,123.19,,123.19,0.02,1.7,1.8,1.6,6.9,7,6.8,6,6.1,6,213.3,211.8,214.8,460.23199999999997,467.247,453.217,126.108,129.708,122.508,14.7945,16.94,12.649,2.6285,3.21,2.047,0.8645,1.151,0.578,0.626,0.844,0.408,1.4085,1.479,1.338,1.4085,1.479,1.338,2.34,2.597,2.083,2.34,2.597,2.083,3.05,3.479,2.621,3.05,3.479,2.621
2024-07-03T04:30:00Z,0,46.067,46.067,46.067,71.467,71.467,71.467,1008.963,1008.963,1008.963,99.394,,99.394,0.02,1.7,1.8,1.6,6.8,7,6.6,6,6.1,5.9,214.7,212.4,217.1,453.66949999999997,464.756,442.583,125.666,130.898,120.434,15.245000000000001,17.359,13.131,2.9145000000000003,3.644,2.185,1.169,1.452,0.886,0.8089999999999999,1.057,0.561,1.388,1.473,1.303,1.388,1.473,1.303,2.314,2.644,1.984,2.314,2.644,1.984,3.2375,3.733,2.742,3.2375,3.733,2.742
2024-07-03T05:00:00Z,0,46.733,46.733,46.733,70.467,70.467,70.467,1009.047,1009.047,1009.047,122.518,,122.518,0.02,1.8,2,1.7,7,7.3,6.7,6.1,6.3,5.9,211.7,207.5,216.1,467.786,488.412,447.16,129.57049999999998,136.378,122.763,17.183,19.581,14.785,2.7119999999999997,3.288,2.136,1.162,1.477,0.847,0.846,1.013,0.679,1.4495,1.65,1.249,1.4495,1.65,1.249,2.4185,2.798,2.039,2.4185,2.798,2.039,3.317,3.852,2.782,3.317,3.852,2.782
2024-07-03T05:30:00Z,0,47.933,47.933,47.933,69.6,69.6,69.6,1009.105,1009.105,1009.105,133.807,,133.807,0.02,1.7,1.9,1.5,6.8,7.1,6.5,5.9,6.1,5.7,215.2,210.9,219.7,451.207,471.671,430.743,124.672,132.533,116.811,16.1355,19.292,12.979,2.905,3.401,2.409,1.0665,1.261,0.872,0.746,0.879,0.613,1.4409999999999998,1.619,1.263,1.4409999999999998,1.619,1.263,2.348,2.759,1.937,2.348,2.759,1.937,3.2495000000000003,3.749,2.75,3.2495000000000003,3.749,2.75
2024-07-03T06:00:00Z,0,49.067,49.067,49.067,68.333,68.333,68.333,1009.402,1009.402,1009.402,137.467,,137.467,0.02,1.7,1.8,1.6,6.7,6.8,6.6,5.9,6,5.8,216,214.8,217.3,447.35249999999996,453.162,441.543,122.548,125.659,119.437,15.7425,17.681,13.804,3.0125,3.858,2.167,1.1320000000000001,1.471,0.793,0.734,0.938,0.53,1.329,1.444,1.214,1.3285,1.444,1.213,2.3205,2.601,2.04,2.3205,2.601,2.04,3.2295,3.734,2.725,3.2295,3.734,2.725
2024-07-03T06:30:00Z,0,49.467,49.467,49.467,67.933,67.933,67.933,1009.631,1009.631,1009.631,132.987,,132.987,0.02,1.8,1.9,1.7,7.1,7.2,7,6.2,6.2,6.1,210.6,209.8,211.4,473.3425,477.199,469.486,131.0565,134.574,127.539,17.259,19.106,15.412,4.0035,4.503,3.504,1.4485000000000001,1.555,1.342,0.994,1.087,0.901,1.4569999999999999,1.627,1.287,1.4569999999999999,1.627,1.287,2.594,2.933,2.255,2.594,2.933,2.255,3.774,4.198,3.35,3.774,4.198,3.35
2024-07-03T07:00:00Z,0,50.467,50.467,50.467,67,67,67,1010.035,1010.035,1010.035,150.015,,150.015,0.02,1.8,2,1.7,7.2,7.3,7,6.2,6.3,6.1,209.3,207.3,211.4,479.54650000000004,489.61,469.483,132.15,136.755,127.545,17.1385,19.581,14.696,3.2285,3.627,2.83,1.1505,1.275,1.026,0.9019999999999999,0.953,0.851,1.4485000000000001,1.673,1.224,1.4485000000000001,1.673,1.224,2.5475000000000003,2.979,2.116,2.5475000000000003,2.979,2.116,3.5365,3.962,3.111,3.5365,3.962,3.111
2024-07-03T07:30:00Z,0,50.933,50.933,50.933,66.8,66.8,66.8,1010.283,1010.283,1010.283,179.165,,179.165,0.02,2.2,2.3,2.1,8.7,8.6,8.7,7.1,7.1,7.2,191.2,191.7,190.6,577.8845,574.779,580.99,160.6065,161.235,159.978,20.537,22.693,18.381,3.3505000000000003,3.997,2.704,1.0655000000000001,1.286,0.845,0.802,0.957,0.647,2.091,2.147,2.035,2.091,2.147,2.035,3.335,3.577,3.093,3.335,3.577,3.093,4.195,4.595,3.795,4.195,4.595,3.795
2024-07-03T08:00:00Z,0,51.667,51.667,51.667,66.333,66.333,66.333,1010.552,1010.552,1010.552,184.542,,184.542,0.02,2.3,2.4,2.2,9.4,9.5,9.4,7.6,7.6,7.5,182.9,182.3,183.5,629.072,633.081,625.063,175.10399999999998,177.131,173.077,20.537,22.149,18.925,3.31,3.487,3.133,1.108,1.087,1.129,0.8195,0.67,0.969,2.4135,2.526,2.301,2.4135,2.526,2.301,3.695,3.981,3.409,3.695,3.981,3.409,4.589,4.783,4.395,4.589,4.783,4.395
2024-07-03T08:30:00Z,0,52.933,52.933,52.933,65.6,65.6,65.6,1010.891,1010.891,1010.891,181.251,,181.251,0.02,2.6,2.7,2.5,10,10,10.1,7.9,7.9,7.9,177,177.4,176.7,668.231,665.819,670.643,186.08100000000002,188.09,184.072,23.846,26.005,21.687,3.7070000000000003,4.448,2.966,1.2485,1.672,0.825,0.9670000000000001,1.252,0.682,2.589,2.717,2.461,2.589,2.717,2.461,4.0135,4.318,3.709,4.0135,4.318,3.709,5.021,5.592,4.45,5.021,5.592,4.45
2024-07-03T09:00:00Z,0,53.133,53.133,53.133,65.533,65.533,65.533,1010.876,1010.876,1010.876,174.569,,174.569,0.02,2,2.1,2,8,8,8,6.7,6.7,6.7,199.1,199.5,198.6,532.8275000000001,530.368,535.287,146.755,147.657,145.853,18.689500000000002,20.44,16.939,3.1605,3.63,2.691,1.056,1.242,0.87,0.681,0.783,0.579,1.7854999999999999,1.887,1.684,1.7854999999999999,1.887,1.684,2.974,3.251,2.697,2.974,3.251,2.697,3.8075,4.17,3.445,3.8075,4.17,3.445
2024-07-03T09:30:00Z,0,54.533,54.533,54.533,64.467,64.467,64.467,1010.715,1010.715,1010.715,172.272,,172.272,0.02,1.9,2,1.8,7.7,7.7,7.8,6.6,6.5,6.6,202.3,203,201.6,515.428,511.744,519.112,143.119,143.687,142.551,17.416,19.813,15.019,2.8005,3.415,2.186,0.9844999999999999,1.176,0.793,0.683,0.794,0.572,1.7095,1.836,1.583,1.7095,1.836,1.583,2.768,3.093,2.443,2.768,3.093,2.443,3.5700000000000003,3.995,3.145,3.5700000000000003,3.995,3.145
2024-07-03T10:00:00Z,0,53.2,53.2,53.2,64.733,64.733,64.733,1010.806,1010.806,1010.806,147.883,,147.883,0.02,1.8,2,1.6,7.3,7.4,7.1,6.3,6.4,6.2,208.2,206.4,210,485.065,493.941,476.189,134.29899999999998,138.861,129.737,16.4005,19.306,13.495,3.1995,3.793,2.606,1.161,1.32,1.002,0.8724999999999999,1.031,0.714,1.5950000000000002,1.749,1.441,1.5950000000000002,1.749,1.441,2.591,2.975,2.207,2.591,2.975,2.207,3.536,3.989,3.083,3.536,3.989,3.083
2024-07-03T10:30:00Z,0,54,54,54,64.333,64.333,64.333,1010.881,1010.881,1010.881,143.688,,143.688,0.02,2.1,2.2,2.1,8.2,8.1,8.3,6.8,6.8,6.9,196.9,198.4,195.5,544.8299999999999,536.713,552.947,152.147,151.007,153.287,20.2635,21.787,18.74,3.4965,3.711,3.282,1.2505,1.343,1.158,0.9235,0.997,0.85,1.879,1.968,1.79,1.879,1.968,1.79,3.0934999999999997,3.288,2.899,3.0934999999999997,3.288,2.899,4.1425,4.389,3.896,4.1425,4.389,3.896
2024-07-03T11:00:00Z,0,53.933,53.933,53.933,64.283,64.283,64.283,1010.799,1010.799,1010.799,187.41,,187.41,0.02,2.6,2.7,2.6,10.1,9.9,10.2,7.9,7.8,8,176.4,177.9,175,672.3805,662.072,682.689,187.4855,186.107,188.864,24.2265,26.047,22.406,3.893,4.576,3.21,1.3655,1.669,1.062,0.8265,0.92,0.733,2.652,2.663,2.641,2.652,2.663,2.641,4.0595,4.267,3.852,4.0595,4.267,3.852,5.146,5.478,4.814,5.146,5.478,4.814
2024-07-03T11:30:00Z,0,54,54,54,64,64,64,1010.885,1010.885,1010.885,196.779,,196.779,0.02,2.1,2.2,2.1,8.4,8.3,8.5,7,6.9,7,194.6,195.8,193.4,558.011,551.247,564.775,153.92000000000002,153.511,154.329,19.795499999999997,21.173,18.418,3.2005,3.459,2.942,1.049,0.985,1.113,0.7310000000000001,0.67,0.792,1.985,2.079,1.891,1.985,2.079,1.891,3.1305,3.374,2.887,3.1305,3.374,2.887,3.995,4.143,3.847,3.995,4.143,3.847
2024-07-03T12:00:00Z,0,54.467,54.467,54.467,63.467,63.467,63.467,1011.143,1011.143,1011.143,221.477,,221.477,0.02,2.2,2.3,2.1,8.8,8.8,8.9,7.2,7.2,7.2,189.6,190.2,189.1,586.925,583.759,590.091,163.25,163.807,162.693,20.2495,22.902,17.597,3.57,4.539,2.601,1.0975000000000001,1.33,0.865,0.8295,0.896,0.763,2.1855,2.235,2.136,2.1855,2.235,2.136,3.444,3.773,3.115,3.444,3.773,3.115,4.329,4.779,3.879,4.329,4.779,3.879
2024-07-03T12:30:00Z,0,55.667,55.667,55.667,63.6,63.6,63.6,1011.241,1011.241,1011.241,231.081,,231.081,0.02,2.3,2.4,2.2,8.9,8.8,9,7.3,7.2,7.3,188.3,189.2,187.5,594.963,589.781,600.145,165.6035,166.485,164.722,21.697499999999998,24.399,18.996,3.541,4.1,2.982,1.3155000000000001,1.546,1.085,0.9235,1.044,0.803,2.1915,2.255,2.128,2.1915,2.255,2.128,3.4475,3.759,3.136,3.4475,3.759,3.136,4.5205,4.934,4.107,4.5205,4.934,4.107
2024-07-03T13:00:00Z,0,54.4,54.4,54.4,64.667,64.667,64.667,1011.31,1011.31,1011.31,233.139,,233.139,0.02,2.2,2.4,2.1,8.7,8.8,8.6,7.2,7.2,7.1,190.6,189.6,191.7,581.117,587.459,574.775,161.8875,166.249,157.526,20.953,24.336,17.57,4.0365,4.896,3.177,1.1400000000000001,1.345,0.935,0.8965000000000001,1.183,0.61,2.125,2.261,1.989,2.125,2.261,1.989,3.473,3.922,3.024,3.473,3.922,3.024,4.43,5.003,3.857,4.43,5.003,3.857
2024-07-03T13:30:00Z,0,54.2,54.2,54.2,65.333,65.333,65.333,1011.543,1011.543,1011.543,227.861,,227.861,0.02,2.2,2.3,2.1,8.5,8.5,8.5,7,7,7,193.1,193,193.3,566.2764999999999,567.147,565.406,157.91649999999998,160.42,155.413,20.085,22.831,17.339,3.7085,4.824,2.593,1.292,1.648,0.936,0.916,1.177,0.655,2.0305,2.138,1.923,2.0305,2.138,1.923,3.3235,3.732,2.915,3.3235,3.732,2.915,4.3695,4.948,3.791,4.3695,4.948,3.791
2024-07-03T14:00:00Z,0,53.867,53.867,53.867,65.8,65.8,65.8,1011.657,1011.657,1011.657,222.609,,222.609,0.02,1.9,2.1,1.8,7.5,7.6,7.3,6.4,6.5,6.3,205.7,204.1,207.3,497.807,505.845,489.769,137.917,140.833,135.001,18.3525,20.993,15.712,3.3150000000000004,3.809,2.821,1.2085,1.417,1,0.9490000000000001,1.125,0.773,1.6075,1.789,1.426,1.6075,1.789,1.426,2.7,3.052,2.348,2.7,3.052,2.348,3.729,4.201,3.257,3.729,4.201,3.257
2024-07-03T14:30:00Z,0,50.4,50.4,50.4,68,68,68,1011.681,1011.681,1011.681,198.985,,198.985,0.02,2,2,1.9,7.6,7.6,7.6,6.5,6.5,6.5,203.9,203.7,204.1,507.11850000000004,508.023,506.214,142.656,145.359,139.953,18.286,20.132,16.44,3.134,3.819,2.449,0.9844999999999999,1.071,0.898,0.7095,0.742,0.677,1.706,1.873,1.539,1.706,1.873,1.539,2.8035,3.153,2.454,2.8035,3.153,2.454,3.65,4.061,3.239,3.65,4.061,3.239
2024-07-03T15:00:00Z,0,48.4,48.4,48.4,69.533,69.533,69.533,1011.833,1011.833,1011.833,189.353,,189.353,0.02,2,2.1,1.9,7.8,8,7.7,6.6,6.7,6.5,201.1,199.5,202.8,521.616,530.513,512.719,145.099,150.819,139.379,18.635,20.763,16.507,2.9125,3.458,2.367,1.085,1.374,0.796,0.7195,0.826,0.613,1.787,1.953,1.621,1.787,1.953,1.621,2.903,3.255,2.551,2.903,3.255,2.551,3.761,4.247,3.275,3.761,4.247,3.275
2024-07-03T15:30:00Z,0,47,47,47,70.733,70.733,70.733,1011.863,1011.863,1011.863,192.633,,192.633,0.02,2,2.1,1.8,7.8,7.8,7.7,6.6,6.6,6.5,201.8,200.9,202.8,517.919,523.038,512.8,143.774,146.169,141.379,18.317500000000003,21.428,15.207,3.189,3.937,2.441,1.027,1.271,0.783,0.722,0.897,0.547,1.708,1.857,1.559,1.708,1.857,1.559,2.8455000000000004,3.289,2.402,2.8455000000000004,3.289,2.402,3.6985,4.277,3.12,3.6985,4.277,3.12
2024-07-03T16:00:00Z,0,45,45,45,72,72,72,1011.871,1011.871,1011.871,179.293,,179.293,0.02,2.2,2.2,2.1,8.6,8.5,8.6,7.1,7,7.1,192.1,192.7,191.4,572.507,568.579,576.435,158.6415,158.596,158.687,19.1235,20.827,17.42,2.6345,3.095,2.174,0.819,0.988,0.65,0.5715,0.706,0.437,2.0065,2.086,1.927,2.0065,2.086,1.927,3.1645,3.444,2.885,3.1645,3.444,2.885,3.874,4.238,3.51,3.874,4.238,3.51
2024-07-03T16:30:00Z,0,44.8,44.8,44.8,72.533,72.533,72.533,1011.968,1011.968,1011.968,181.281,,181.281,0.02,2.6,2.8,2.4,10.4,10.6,10.2,8.1,8.2,8,173.6,171.7,175.4,692.836,706.098,679.574,190.699,196.491,184.907,23.045,26.799,19.291,3.862,4.893,2.831,1.2574999999999998,1.448,1.067,0.852,1.047,0.657,2.5220000000000002,2.613,2.431,2.5220000000000002,2.613,2.431,3.8925,4.363,3.422,3.8925,4.363,3.422,4.8925,5.446,4.339,4.8925,5.446,4.339
2024-07-03T17:00:00Z,0,43.733,43.733,43.733,73.8,73.8,73.8,1012.089,1012.089,1012.089,186.058,,186.058,0.02,2.6,2.8,2.5,10.5,10.5,10.4,8.1,8.2,8.1,172.8,172.2,173.4,698.46,702.649,694.271,193.76100000000002,198.193,189.329,22.9105,26.012,19.809,3.3515,3.89,2.813,1.081,1.333,0.829,0.775,0.889,0.661,2.638,2.755,2.521,2.638,2.755,2.521,3.9850000000000003,4.344,3.626,3.9850000000000003,4.344,3.626,4.867,5.317,4.417,4.867,5.317,4.417
2024-07-03T17:30:00Z,0,42.8,42.8,42.8,74.733,74.733,74.733,1012.088,1012.088,1012.088,151.458,,151.458,0.02,2.9,2.9,2.9,11.5,11.5,11.5,8.7,8.7,8.6,164.2,164.1,164.3,764.183,764.811,763.555,213.12,213.455,212.785,25.311999999999998,26.511,24.113,3.575,4.317,2.833,1.217,1.481,0.953,0.8115,0.987,0.636,2.963,3.011,2.915,2.963,3.011,2.915,4.462,4.697,4.227,4.462,4.697,4.227,5.404,5.769,5.039,5.404,5.769,5.039
2024-07-03T18:00:00Z,0,40.4,40.4,40.4,76.733,76.733,76.733,1011.967,1011.967,1011.967,117.697,,117.697,0.02,3.1,3.4,2.9,12.4,12.7,12,9.1,9.3,8.9,157.1,154.3,160.1,823.5695,849.084,798.055,230.691,240.822,220.56,27.522000000000002,32.145,22.899,3.8975,4.752,3.043,1.1945000000000001,1.373,1.016,0.8420000000000001,0.937,0.747,3.2859999999999996,3.437,3.135,3.2859999999999996,3.437,3.135,4.8495,5.372,4.327,4.8495,5.372,4.327,5.819,6.401,5.237,5.819,6.401,5.237
2024-07-03T18:30:00Z,0,38.067,38.067,38.067,79.533,79.533,79.533,1011.855,1011.855,1011.855,126.78,,126.78,0.02,3,3.2,2.8,12.2,12.4,11.9,9,9.1,8.9,158.6,156.8,160.4,810.9175,826.618,795.217,224.93,231.432,218.428,25.2855,28.129,22.442,3.332,3.965,2.699,1.0765,1.433,0.72,0.773,0.995,0.551,3.222,3.291,3.153,3.222,3.291,3.153,4.6265,4.92,4.333,4.6265,4.92,4.333,5.5329999999999995,6.005,5.061,5.5329999999999995,6.005,5.061
2024-07-03T19:00:00Z,0,38.2,38.2,38.2,79.533,79.533,79.533,1011.653,1011.653,1011.653,139.058,,139.058,0.02,3.1,3.1,3.1,12.5,12.5,12.5,9.2,9.2,9.2,155.8,155.8,155.8,834.837,834.849,834.825,232.296,234.323,230.269,26.2895,27.402,25.177,3.6765,4.665,2.688,1.0825,1.268,0.897,0.7475,0.913,0.582,3.483,3.563,3.403,3.483,3.563,3.403,5.006,5.315,4.697,5.006,5.315,4.697,5.846500000000001,6.259,5.434,5.846500000000001,6.259,5.434
2024-07-03T19:30:00Z,0,39.333,39.333,39.333,78.8,78.8,78.8,1011.419,1011.419,1011.419,63.605,,63.605,0.02,3.5,3.6,3.4,14,14,13.9,9.8,9.9,9.8,145.8,145.3,146.3,930.155,935.207,925.103,259.3295,263.158,255.501,30.0925,32.523,27.662,3.8495,4.302,3.397,1.208,1.041,1.375,0.7255,0.637,0.814,3.9895,4.069,3.91,3.9895,4.069,3.91,5.676,6.069,5.283,5.676,6.069,5.283,6.6075,6.825,6.39,6.6075,6.825,6.39
2024-07-03T20:00:00Z,0,38.133,38.133,38.133,79.667,79.667,79.667,1011.2,1011.2,1011.2,67.397,,67.397,0.02,3.6,3.7,3.4,14,14.2,13.8,9.9,9.9,9.8,145.6,144.2,147,932.461,946.683,918.239,259.003,265.941,252.065,31.0995,33.946,28.253,3.643,4.531,2.755,1.154,1.365,0.943,0.8145,0.941,0.688,3.9299999999999997,4.037,3.823,3.9299999999999997,4.037,3.823,5.6055,6.013,5.198,5.6055,6.013,5.198,6.567,7.063,6.071,6.567,7.063,6.071
2024-07-03T20:30:00Z,0,37.467,37.467,37.467,80.067,80.067,80.067,1011.026,1011.026,1011.026,60.385,,60.385,0.02,3.9,4.2,3.7,15.3,15.6,14.9,10.4,10.6,10.2,137.8,135.6,140,1016.8835,1041.817,991.95,281.558,290.209,272.907,34.1995,38.565,29.834,3.9055,4.736,3.075,1.033,1.146,0.92,0.7130000000000001,0.799,0.627,4.525,4.735,4.315,4.525,4.735,4.315,6.406499999999999,6.967,5.846,6.406499999999999,6.967,5.846,7.282,7.865,6.699,7.282,7.865,6.699
2024-07-03T21:00:00Z,0,37.8,37.8,37.8,79.733,79.733,79.733,1010.731,1010.731,1010.731,81.918,,81.918,0.02,4.4,4.7,4.1,17.1,17.5,16.7,11.2,11.3,11,127.7,125.8,129.7,1141.3575,1167.34,1115.375,317.267,327.889,306.645,37.7555,42.26,33.251,4.075,4.735,3.415,1.3515000000000001,1.496,1.207,1.008,1.121,0.895,5.184,5.384,4.984,5.184,5.384,4.984,7.2524999999999995,7.792,6.713,7.2524999999999995,7.792,6.713,8.3465,8.894,7.799,8.3465,8.894,7.799
2024-07-03T21:30:00Z,0,38.2,38.2,38.2,79.867,79.867,79.867,1010.57,1010.57,1010.57,65.299,,65.299,0.02,4.2,4.4,4,16.8,17,16.5,11,11.1,10.9,129.5,128.4,130.7,1116.9769999999999,1131.383,1102.571,309.66150000000005,316.211,303.112,37.102999999999994,41.477,32.729,5.122,6.716,3.528,1.207,1.488,0.926,0.905,1.027,0.783,4.995,5.097,4.893,4.995,5.097,4.893,7.2035,7.786,6.621,7.2035,7.786,6.621,8.276,9.001,7.551,8.276,9.001,7.551
2024-07-03T22:00:00Z,0,37.2,37.2,37.2,80.4,80.4,80.4,1010.511,1010.511,1010.511,57.278,,57.278,0.02,3.2,3.4,3,12.6,12.7,12.5,9.2,9.3,9.1,155.4,154.4,156.4,838.9675,847.777,830.158,232.6255,237.957,227.294,26.817,31.291,22.343,3.012,4.037,1.987,0.7585,0.963,0.554,0.45299999999999996,0.581,0.325,3.4385,3.533,3.344,3.4385,3.533,3.344,4.965,5.459,4.471,4.965,5.459,4.471,5.580500000000001,6.2,4.961,5.580500000000001,6.2,4.961
2024-07-03T22:30:00Z,0,36.667,36.667,36.667,79.733,79.733,79.733,1010.392,1010.392,1010.392,55.936,,55.936,0.02,2.9,3.1,2.8,11.8,11.9,11.8,8.8,8.9,8.8,161,160.5,161.5,789.9335000000001,794.013,785.854,219.755,223.151,216.359,24.16,27.065,21.255,2.7720000000000002,3.517,2.027,0.9655,1.244,0.687,0.704,0.899,0.509,3.2605,3.32,3.201,3.2605,3.32,3.201,4.5375,4.848,4.227,4.5375,4.848,4.227,5.33,5.785,4.875,5.33,5.785,4.875
2024-07-03T23:00:00Z,0,34.533,34.533,34.533,80.467,80.467,80.467,1010.128,1010.128,1010.128,80.165,,80.165,0.02,2.6,2.7,2.4,10.5,10.8,10.2,8.2,8.3,8,172.6,170.3,174.9,700.027,716.979,683.075,194.0025,200.679,187.326,20.999000000000002,23.267,18.731,2.304,2.755,1.853,0.7755,0.953,0.598,0.4695,0.573,0.366,2.7024999999999997,2.871,2.534,2.7024999999999997,2.871,2.534,3.8369999999999997,4.183,3.491,3.8369999999999997,4.183,3.491,4.4505,4.899,4.002,4.4505,4.899,4.002
2024-07-03T23:30:00Z,0,32.467,32.467,32.467,80.867,80.867,80.867,1010.047,1010.047,1010.047,88.259,,88.259,0.02,2.3,2.3,2.2,9.5,9.6,9.4,7.6,7.7,7.6,182,181.1,182.9,634.808,640.701,628.915,175.4685,178.661,172.276,17.4785,18.947,16.01,2.0735,2.524,1.623,0.545,0.627,0.463,0.32799999999999996,0.345,0.311,2.441,2.547,2.335,2.441,2.547,2.335,3.383,3.599,3.167,3.383,3.599,3.167,3.786,4.043,3.529,3.786,4.043,3.529
2024-07-04T00:00:00Z,0,31.4,31.4,31.4,81.267,81.267,81.267,1009.913,1009.913,1009.913,106.061,,106.061,0.02,2.1,2.2,2,8.5,8.7,8.4,7,7.1,7,192.7,190.9,194.6,568.738,579.515,557.961,158.05599999999998,162.259,153.853,17.188,18.781,15.595,1.914,2.291,1.537,0.5535,0.751,0.356,0.3945,0.553,0.236,1.995,2.073,1.917,1.9954999999999998,2.074,1.917,2.887,3.074,2.7,2.8865,3.073,2.7,3.3565,3.66,3.053,3.357,3.661,3.053
2024-07-04T00:30:00Z,0,31.6,31.6,31.6,81.2,81.2,81.2,1009.659,1009.659,1009.659,132.489,,132.489,0.02,2.1,2.2,2,8.6,8.8,8.4,7.1,7.2,7,192,189.9,194.2,572.9,585.543,560.257,158.8465,163.827,153.866,16.479,18.276,14.682,1.55,1.872,1.228,0.392,0.559,0.225,0.211,0.247,0.175,1.978,2.149,1.807,1.978,2.149,1.807,2.854,3.179,2.529,2.854,3.179,2.529,3.15,3.561,2.739,3.15,3.561,2.739
2024-07-04T01:00:00Z,0,31.867,31.867,31.867,81.467,81.467,81.467,1009.404,1009.404,1009.404,186.034,,186.034,0.02,2.2,2.4,2,9,9.4,8.6,7.3,7.5,7.1,187.9,183.6,192.5,597.446,624.779,570.113,165.2145,175.086,155.343,17.704,19.953,15.455,1.564,1.688,1.44,0.37,0.295,0.445,0.23800000000000002,0.133,0.343,2.186,2.46,1.912,2.186,2.46,1.912,3.1205,3.553,2.688,3.1205,3.553,2.688,3.417,3.759,3.075,3.417,3.759,3.075
2024-07-04T01:30:00Z,0,34.867,34.867,34.867,80.933,80.933,80.933,1009.255,1009.255,1009.255,174.357,,174.357,0.02,2.6,2.8,2.4,10.7,11.1,10.3,8.3,8.4,8.1,170.8,167.6,174.1,713.108,737.386,688.83,196.305,203.856,188.754,20.904,23.809,17.999,2.311,2.809,1.813,0.6215,0.793,0.45,0.46199999999999997,0.588,0.336,2.832,2.966,2.698,2.832,2.966,2.698,3.9865,4.319,3.654,3.9865,4.319,3.654,4.4865,4.932,4.041,4.4865,4.932,4.041
2024-07-04T02:00:00Z,0,36.533,36.533,36.533,80.533,80.533,80.533,1009.127,1009.127,1009.127,144.995,,144.995,0.02,2.8,3,2.7,11.8,12.1,11.5,8.8,9,8.7,161.4,158.8,164.1,786.867,808.947,764.787,217.67,226.307,209.033,22.505499999999998,25.409,19.602,2.58,3.369,1.791,0.7244999999999999,0.875,0.574,0.532,0.625,0.439,3.279,3.395,3.163,3.279,3.395,3.163,4.465,4.877,4.053,4.465,4.877,4.053,5.0585,5.545,4.572,5.0585,5.545,4.572
2024-07-04T02:30:00Z,0,38,38,38,79.867,79.867,79.867,1009.111,1009.111,1009.111,167.64,,167.64,0.02,3,3.2,2.8,12.2,12.5,12,9,9.2,8.9,158,155.9,160.2,815.466,834.227,796.705,224.29500000000002,231.071,217.519,24.242,26.571,21.913,2.325,2.563,2.087,0.7955000000000001,0.937,0.654,0.591,0.753,0.429,3.4255,3.575,3.276,3.4255,3.575,3.276,4.6274999999999995,4.953,4.302,4.6274999999999995,4.953,4.302,5.281000000000001,5.657,4.905,5.281000000000001,5.657,4.905
2024-07-04T03:00:00Z,0,38.067,38.067,38.067,79.133,79.133,79.133,1009.073,1009.073,1009.073,174.663,,174.663,0.02,3,3.1,2.9,12.3,12.5,12.1,9.1,9.2,9,157.5,156,159,820.2475,833.767,806.728,225.79149999999998,230.797,220.786,24.541,26.537,22.545,2.5100000000000002,3.063,1.957,0.8915,0.984,0.799,0.6555,0.827,0.484,3.3875,3.52,3.255,3.3875,3.52,3.255,4.683,4.991,4.375,4.683,4.991,4.375,5.406000000000001,5.791,5.021,5.406000000000001,5.791,5.021
2024-07-04T03:30:00Z,0,39.067,39.067,39.067,77.667,77.667,77.667,1008.999,1008.999,1008.999,224.642,,224.642,0.02,5.3,5.6,4.9,19.8,20.3,19.3,12.2,12.3,12,115.7,113.6,117.8,1317.573,1351.755,1283.391,368.85400000000004,381.42,356.288,47.457499999999996,53.354,41.561,5.0875,6.184,3.991,1.0825,1.131,1.034,0.738,0.835,0.641,6.176,6.345,6.007,6.176,6.345,6.007,8.859,9.626,8.092,8.859,9.626,8.092,9.807500000000001,10.541,9.074,9.807500000000001,10.541,9.074
2024-07-04T04:00:00Z,0,40.133,40.133,40.133,77.133,77.133,77.133,1009.133,1009.133,1009.133,256.853,,256.853,0.02,4.1,4.4,3.9,16.2,16.6,15.7,10.8,11,10.6,132.7,130.4,135,1077.5,1106.201,1048.799,299.662,311.066,288.258,35.681,40.3,31.062,4.088,5.165,3.011,0.992,1.159,0.825,0.6595,0.757,0.562,4.8865,5.139,4.634,4.8865,5.139,4.634,6.9135,7.531,6.296,6.9135,7.531,6.296,7.708,8.376,7.04,7.708,8.376,7.04
2024-07-04T04:30:00Z,0,43.533,43.533,43.533,75.4,75.4,75.4,1009.459,1009.459,1009.459,276.007,,276.007,0.02,5.6,6,5.2,21.6,22.2,21,12.8,13,12.6,108.6,106.6,110.6,1440.2555,1477.439,1403.072,403.06100000000004,416.838,389.284,49.001999999999995,55.721,42.283,5.6675,7.256,4.079,1.167,1.533,0.801,0.7875,1.037,0.538,6.9885,7.295,6.682,6.9885,7.295,6.682,9.836,10.721,8.951,9.836,10.721,8.951,10.86,11.881,9.839,10.86,11.881,9.839
2024-07-04T05:00:00Z,0,44.4,44.4,44.4,75,75,75,1009.532,1009.532,1009.532,345.728,,345.728,0.02,8.6,9.1,8,31.1,31.9,30.4,15.6,15.7,15.4,82.3,80.8,83.9,2076.3849999999998,2125.323,2027.447,581.6395,600.607,562.672,81.02799999999999,90.425,71.631,9.8555,11.684,8.027,2.0060000000000002,1.991,2.021,1.2045,1.207,1.202,10.3045,10.624,9.985,10.3045,10.624,9.985,15.057,16.323,13.791,15.057,16.323,13.791,16.756999999999998,17.773,15.741,16.756999999999998,17.773,15.741
2024-07-04T05:30:00Z,0,47.533,47.533,47.533,73,73,73,1009.485,1009.485,1009.485,393.746,,393.746,0.02,8.2,8.6,7.8,30.3,31,29.6,15.3,15.5,15.2,84.1,82.6,85.6,2021.469,2067.607,1975.331,564.519,583.564,545.474,74.503,81.114,67.892,7.243,8.659,5.827,1.376,1.619,1.133,0.851,0.851,0.851,10.091000000000001,10.435,9.747,10.091000000000001,10.435,9.747,14.193,15.181,13.205,14.193,15.181,13.205,15.435,16.347,14.523,15.435,16.347,14.523
2024-07-04T06:00:00Z,0,47.2,47.2,47.2,73.467,73.467,73.467,1009.507,1009.507,1009.507,404.917,,404.917,0.02,18.4,19.1,17.7,66.8,67.9,65.8,22,22.1,21.9,43.2,42.6,43.8,4456.6155,4526.357,4386.874,1247.703,1273.818,1221.588,178.44299999999998,194.043,162.843,25.100499999999997,31.278,18.923,3.2365,3.687,2.786,2.0705,2.42,1.721,23.189,23.581,22.797,20.808999999999997,21.051,20.567,31.082,32.947,29.217,34.428,37.272,31.584,37.038,38.815,35.261,37.9465,40.156,35.737
2024-07-04T06:30:00Z,0,48.267,48.267,48.267,71.867,71.867,71.867,1009.689,1009.689,1009.689,390.175,,390.175,0.02,10.8,11.2,10.4,39.5,40.3,38.6,17.5,17.6,17.3,68,66.8,69.3,2630.807,2689.409,2572.205,738.491,758.325,718.657,101.821,110.147,93.495,12.374500000000001,15.906,8.843,1.5795,1.711,1.448,0.885,1.029,0.741,13.530999999999999,13.786,13.276,13.443999999999999,13.693,13.195,19.569499999999998,21.003,18.136,19.710500000000003,21.228,18.193,21.296,22.571,20.021,21.303,22.585,20.021
2024-07-04T07:00:00Z,0,48,48,48,72.133,72.133,72.133,1009.83,1009.83,1009.83,397.583,,397.583,0.02,11.6,12,11.1,41.3,42.1,40.6,17.9,18,17.7,65.4,64.4,66.5,2756.5855,2808.981,2704.19,774.0225,796.821,751.224,111.4075,119.982,102.833,13.618,16.759,10.477,2.197,2.657,1.737,1.492,1.806,1.178,14.023,14.377,13.669,14.023,14.377,13.669,20.747500000000002,22.291,19.204,20.756500000000003,22.309,19.204,22.964,24.398,21.53,22.964,24.398,21.53
2024-07-04T07:30:00Z,0,48.733,48.733,48.733,71.2,71.2,71.2,1009.975,1009.975,1009.975,399.833,,399.833,0.02,10.8,11.3,10.4,38.8,39.8,37.9,17.3,17.5,17.1,68.9,67.6,70.3,2588.5370000000003,2651.089,2525.985,728.6500000000001,751.557,705.743,102.64500000000001,111.248,94.042,11.321000000000002,14.323,8.319,2.0389999999999997,2.401,1.677,1.204,1.416,0.992,13.213999999999999,13.571,12.857,13.213999999999999,13.571,12.857,19.232999999999997,20.659,17.807,19.232999999999997,20.659,17.807,21.0935,22.446,19.741,21.0935,22.446,19.741
2024-07-04T08:00:00Z,0,48.867,48.867,48.867,71.067,71.067,71.067,1010.059,1010.059,1010.059,394.467,,394.467,0.02,7.7,8,7.4,28,28.7,27.3,14.7,14.9,14.5,89.4,87.7,91.1,1868.3339999999998,1914.397,1822.271,524.1015,540.569,507.634,71.078,76.447,65.709,7.695,9.433,5.957,1.27,1.453,1.087,0.7464999999999999,0.825,0.668,9.317,9.689,8.945,9.317,9.689,8.945,13.431000000000001,14.448,12.414,13.431000000000001,14.448,12.414,14.593,15.523,13.663,14.593,15.523,13.663
2024-07-04T08:30:00Z,0,49.133,49.133,49.133,70.6,70.6,70.6,1010.082,1010.082,1010.082,354.604,,354.604,0.02,4.5,4.7,4.3,17.3,17.6,17,11.2,11.3,11.1,126.8,125.5,128.2,1152.74,1171.046,1134.434,321.135,328.725,313.545,39.2425,42.48,36.005,4.063,4.973,3.153,0.774,0.833,0.715,0.5735,0.588,0.559,5.397,5.619,5.175,5.397,5.619,5.175,7.5665,8.195,6.938,7.5665,8.195,6.938,8.2725,8.837,7.708,8.2725,8.837,7.708
2024-07-04T09:00:00Z,0,49.267,49.267,49.267,70.4,70.4,70.4,1010.171,1010.171,1010.171,373.28,,373.28,0.02,5.1,5.3,4.8,19,19.5,18.5,11.9,12.1,11.7,119,116.8,121.2,1265.666,1299.927,1231.405,353.95550000000003,367.046,340.865,45.9985,50.92,41.077,5.2725,6.986,3.559,1.048,1.265,0.831,0.7355,0.836,0.635,6.0015,6.265,5.738,6.0015,6.265,5.738,8.6515,9.465,7.838,8.6515,9.465,7.838,9.556,10.447,8.665,9.556,10.447,8.665
2024-07-04T09:30:00Z,0,51.933,51.933,51.933,68.667,68.667,68.667,1010.154,1010.154,1010.154,404.895,,404.895,0.02,6.3,6.5,6.1,23,23.1,22.8,13.2,13.3,13.2,103.8,103.2,104.4,1531.7865000000002,1543.163,1520.41,430.5505,437.455,423.646,57.381,60.753,54.009,5.7379999999999995,6.671,4.805,1.162,1.509,0.815,0.675,0.915,0.435,7.5600000000000005,7.729,7.391,7.5600000000000005,7.729,7.391,10.7195,11.203,10.236,10.7195,11.203,10.236,11.7045,12.323,11.086,11.7045,12.323,11.086
2024-07-04T10:00:00Z,0,51.333,51.333,51.333,69.267,69.267,69.267,1010.253,1010.253,1010.253,371.849,,371.849,0.02,5.8,6.1,5.5,21.1,21.4,20.7,12.6,12.7,12.5,110.5,109.2,111.8,1405.6125,1428.272,1382.953,396.736,405.131,388.341,53.6755,59.14,48.211,5.701499999999999,6.978,4.425,1.079,1.353,0.805,0.676,0.797,0.555,6.8385,7.027,6.65,6.8385,7.027,6.65,9.8955,10.637,9.154,9.8955,10.637,9.154,10.8295,11.603,10.056,10.8295,11.603,10.056
2024-07-04T10:30:00Z,0,52.133,52.133,52.133,68.4,68.4,68.4,1010.203,1010.203,1010.203,388.197,,388.197,0.02,5.9,6,5.7,21.3,21.8,20.8,12.7,12.9,12.5,109.6,107.7,111.5,1422.2289999999998,1456.474,1387.984,397.354,409.779,384.929,54.7495,57.321,52.178,6.0815,7.362,4.801,1.314,1.476,1.152,0.9199999999999999,1.045,0.795,6.9135,7.179,6.648,6.9135,7.179,6.648,10.0715,10.715,9.428,10.0715,10.715,9.428,11.190000000000001,11.875,10.505,11.190000000000001,11.875,10.505
2024-07-04T11:00:00Z,0,53.733,53.733,53.733,67.867,67.867,67.867,1010.125,1010.125,1010.125,422.955,,422.955,0.02,6.2,6.4,5.9,21.9,22.2,21.6,12.9,13,12.8,107.5,106.6,108.5,1460.009,1477.877,1442.141,411.15999999999997,418.421,403.899,58.905,63.993,53.817,6.102,7.583,4.621,1.4660000000000002,1.689,1.243,0.899,1.055,0.743,7.1645,7.347,6.982,7.1645,7.347,6.982,10.434999999999999,11.173,9.697,10.434999999999999,11.173,9.697,11.7135,12.549,10.878,11.7135,12.549,10.878
2024-07-04T11:30:00Z,0,54.6,54.6,54.6,67.467,67.467,67.467,1010.307,1010.307,1010.307,405.715,,405.715,0.02,6.2,6.4,6,22,22.1,21.9,12.9,12.9,12.9,107.2,106.9,107.5,1466.0304999999998,1471.523,1460.538,413.142,417.129,409.155,59.2685,63.915,54.622,6.852,7.901,5.803,1.564,1.583,1.545,1.0075,0.932,1.083,7.141,7.237,7.045,7.141,7.237,7.045,10.513,11.169,9.857,10.513,11.169,9.857,11.942499999999999,12.423,11.462,11.942499999999999,12.423,11.462
2024-07-04T12:00:00Z,0,55.133,55.133,55.133,67.2,67.2,67.2,1010.459,1010.459,1010.459,394.961,,394.961,0.02,6.2,6.4,6,21.8,21.7,21.9,12.8,12.8,12.9,107.9,108.3,107.5,1452.2995,1444.796,1459.803,408.432,408.661,408.203,59.96300000000001,64.061,55.865,6.7275,7.432,6.023,1.6865,1.965,1.408,1.0765,1.24,0.913,7.029,7.089,6.969,7.029,7.089,6.969,10.408000000000001,10.839,9.977,10.408000000000001,10.839,9.977,11.867999999999999,12.331,11.405,11.867999999999999,12.331,11.405
2024-07-04T12:30:00Z,0,54.267,54.267,54.267,68,68,68,1010.591,1010.591,1010.591,383.145,,383.145,0.02,6.1,6.3,5.9,21.9,22.2,21.6,12.9,13,12.8,107.4,106.3,108.5,1461.587,1481.953,1441.221,411.6515,418.373,404.93,58.849000000000004,63.429,54.269,7.232,9.099,5.365,1.6625,1.873,1.452,1.1355,1.336,0.935,7.0825,7.284,6.881,7.0825,7.284,6.881,10.5195,11.31,9.729,10.5195,11.31,9.729,11.922,12.773,11.071,11.922,12.773,11.071
2024-07-04T13:00:00Z,0,50.4,50.4,50.4,70.733,70.733,70.733,1010.684,1010.684,1010.684,375.822,,375.822,0.02,5.8,6,5.6,21.1,21.5,20.7,12.6,12.7,12.5,110.5,109,112,1405.8960000000002,1432.468,1379.324,395.0505,405.667,384.434,54.698,58.391,51.005,6.134,7.539,4.729,1.5495,1.935,1.164,1.0405,1.453,0.628,6.7379999999999995,7.13,6.346,6.7379999999999995,7.13,6.346,9.847000000000001,10.615,9.079,9.847000000000001,10.615,9.079,11.1435,12.085,10.202,11.1435,12.085,10.202
2024-07-04T13:30:00Z,0,46,46,46,74.667,74.667,74.667,1010.766,1010.766,1010.766,303.261,,303.261,0.02,5,5.3,4.8,18.3,18.9,17.6,11.6,11.9,11.4,122.1,119.1,125.2,1218.815,1263.277,1174.353,342.72299999999996,357.455,327.991,47.158,50.953,43.363,5.2745,6.323,4.226,1.4540000000000002,1.703,1.205,1.121,1.387,0.855,5.48,5.739,5.221,5.48,5.739,5.221,8.149000000000001,8.789,7.509,8.149000000000001,8.789,7.509,9.3345,10.119,8.55,9.3345,10.119,8.55
2024-07-04T14:00:00Z,0,41.6,41.6,41.6,78.067,78.067,78.067,1010.692,1010.692,1010.692,273.214,,273.214,0.02,4,4.2,3.8,14.9,15.1,14.6,10.2,10.4,10.1,140,138.5,141.5,992.3109999999999,1008.947,975.675,277.1425,284.493,269.792,35.078500000000005,38.149,32.008,3.4859999999999998,3.961,3.011,0.94,0.915,0.965,0.6295,0.722,0.537,4.276,4.415,4.137,4.276,4.415,4.137,6.178,6.559,5.797,6.178,6.559,5.797,6.9305,7.277,6.584,6.9305,7.277,6.584
2024-07-04T14:30:00Z,0,34.667,34.667,34.667,84.267,84.267,84.267,1010.785,1010.785,1010.785,277.813,,277.813,0.02,3.7,3.8,3.5,14.6,14.8,14.4,10.1,10.2,10,141.7,140.2,143.2,973.6,989.519,957.681,270.9125,278.994,262.831,30.904,33.897,27.911,3.295,4.339,2.251,0.723,0.871,0.575,0.48,0.523,0.437,4.1905,4.298,4.083,4.1905,4.298,4.083,5.8934999999999995,6.318,5.469,5.8934999999999995,6.318,5.469,6.527,7.005,6.049,6.527,7.005,6.049
2024-07-04T15:00:00Z,0,31.6,31.6,31.6,87.933,87.933,87.933,1010.803,1010.803,1010.803,267.405,,267.405,0.02,3.9,4.1,3.7,15,15.3,14.8,10.3,10.4,10.2,139,137.7,140.4,1002.7445,1017.957,987.532,278.753,286.133,271.373,34.149,37.642,30.656,3.9234999999999998,4.911,2.936,1.202,1.489,0.915,0.7255,0.822,0.629,4.2445,4.443,4.046,4.2445,4.443,4.046,6.112,6.606,5.618,6.112,6.606,5.618,7.0385,7.707,6.37,7.0385,7.707,6.37
2024-07-04T15:30:00Z,0,29.533,29.533,29.533,90.4,90.4,90.4,1010.75,1010.75,1010.75,291.688,,291.688,0.02,4.6,4.8,4.3,17.8,17.9,17.6,11.4,11.5,11.4,124.5,123.7,125.3,1184.6129999999998,1196.091,1173.135,330.837,337.614,324.06,39.504999999999995,44.951,34.059,4.5009999999999994,5.895,3.107,1.2935,1.679,0.908,0.895,1.273,0.517,5.013,5.457,4.569,5.013,5.457,4.569,7.1595,8.076,6.243,7.1595,8.076,6.243,8.238,9.409,7.067,8.238,9.409,7.067
2024-07-04T16:00:00Z,0,28.55,28.55,28.55,91.5,91.5,91.5,1010.707,1010.707,1010.707,273.54,,273.54,0.02,3.6,3.7,3.4,13.9,14.1,13.7,9.8,9.9,9.7,146.2,145,147.3,926.7815,938.4,915.163,256.7575,263.361,250.154,30.642000000000003,34.295,26.989,3.4750000000000005,4.496,2.454,0.9555,1.105,0.806,0.625,0.722,0.528,3.51,3.902,3.118,3.51,3.902,3.118,5.2035,5.971,4.436,5.2035,5.971,4.436,5.9830000000000005,6.883,5.083,5.9830000000000005,6.883,5.083
2024-07-04T16:30:00Z,0,26.267,26.267,26.267,94.006,94.006,94.006,1010.6,1010.6,1010.6,240.212,,240.212,0.02,3.2,3.3,3,12.8,12.7,12.8,9.3,9.3,9.3,153.9,154.2,153.5,852.4915000000001,849.095,855.888,235.41250000000002,235.924,234.901,25.6325,27.828,23.437,2.7285,2.989,2.468,0.6419999999999999,0.721,0.563,0.40549999999999997,0.501,0.31,3.0309999999999997,3.389,2.673,3.0309999999999997,3.389,2.673,4.479,4.979,3.979,4.479,4.979,3.979,5.0585,5.628,4.489,5.0585,5.628,4.489
2024-07-04T17:00:00Z,0,24.917,24.917,24.917,95.1,95.1,95.1,1010.509,1010.509,1010.509,215.521,,215.521,0.02,3,3,2.9,12.6,12.5,12.6,9.2,9.2,9.2,155.6,155.7,155.4,837.268,835.662,838.874,230.99,232.089,229.891,23.099,24.867,21.331,2.775,3.252,2.298,0.702,0.765,0.639,0.479,0.509,0.449,3.0250000000000004,3.474,2.576,3.0250000000000004,3.474,2.576,4.3535,4.958,3.749,4.3535,4.958,3.749,4.9695,5.594,4.345,4.9695,5.594,4.345
2024-07-04T17:30:00Z,0,23.667,23.667,23.667,96.8,96.8,96.8,1010.495,1010.495,1010.495,199.86,,199.86,0.02,3.2,3.3,3,13,13,13,9.4,9.4,9.4,152.2,152.1,152.4,867.8495,869.319,866.38,239.38299999999998,241.149,237.617,25.644,29.223,22.065,2.885,3.617,2.153,0.8654999999999999,1.029,0.702,0.5569999999999999,0.63,0.484,3.2225,3.613,2.832,3.2225,3.613,2.832,4.636,5.401,3.871,4.636,5.401,3.871,5.3245000000000005,6.153,4.496,5.3245000000000005,6.153,4.496
2024-07-04T18:00:00Z,0,23.333,23.333,23.333,96.733,96.733,96.733,1010.339,1010.339,1010.339,188.505,,188.505,0.02,2.4,2.5,2.3,10.2,10.1,10.2,8,7.9,8,175.8,176.5,175.1,676.7895,671.707,681.872,185.598,185.746,185.45,18.682000000000002,20.571,16.793,2.1935000000000002,2.803,1.584,0.75,0.987,0.513,0.47,0.563,0.377,2.1935,2.61,1.777,2.1935,2.61,1.777,3.1550000000000002,3.751,2.559,3.1550000000000002,3.751,2.559,3.7489999999999997,4.468,3.03,3.7489999999999997,4.468,3.03
2024-07-04T18:30:00Z,0,25.4,25.4,25.4,92.867,92.867,92.867,1010.117,1010.117,1010.117,166.499,,166.499,0.02,2.3,2.5,2.2,9.8,9.8,9.8,7.8,7.8,7.8,179,179.1,179,654.7465,654.389,655.104,179.313,180.871,177.755,17.8825,20.746,15.019,1.8485,2.223,1.474,0.6725,0.842,0.503,0.46950000000000003,0.553,0.386,2.084,2.557,1.611,2.084,2.557,1.611,3.0035,3.671,2.336,3.0035,3.671,2.336,3.5389999999999997,4.273,2.805,3.5389999999999997,4.273,2.805
2024-07-04T19:00:00Z,0,28.667,28.667,28.667,88.667,88.667,88.667,1010.04,1010.04,1010.04,112.143,,112.143,0.02,2.5,2.6,2.4,10.5,10.6,10.3,8.1,8.2,8,172.8,171.2,174.5,697.9490000000001,709.721,686.177,190.5515,195.15,185.953,19.147,21.019,17.275,1.9465000000000001,2.212,1.681,0.4605,0.464,0.457,0.2995,0.292,0.307,2.418,2.854,1.982,2.418,2.854,1.982,3.448,4.019,2.877,3.448,4.019,2.877,3.8315,4.392,3.271,3.8315,4.392,3.271
2024-07-04T19:30:00Z,0,30.533,30.533,30.533,86.6,86.6,86.6,1009.804,1009.804,1009.804,63.826,,63.826,0.02,2.7,2.9,2.6,11.2,11.4,11,8.5,8.6,8.4,166.6,164.9,168.4,744.9505,758.538,731.363,204.196,210.147,198.245,22.912,25.383,20.441,2.9250000000000003,3.869,1.981,0.8785000000000001,1.123,0.634,0.5705,0.723,0.418,2.9065,2.925,2.888,2.9065,2.925,2.888,4.193,4.49,3.896,4.193,4.49,3.896,4.922499999999999,5.369,4.476,4.922499999999999,5.369,4.476
2024-07-04T20:00:00Z,0,30.933,30.933,30.933,86.533,86.533,86.533,1009.665,1009.665,1009.665,57.706,,57.706,0.02,2.5,2.7,2.4,10.5,10.8,10.2,8.2,8.3,8,172.5,170,175.1,700.184,718.785,681.583,192.3395,197.604,187.075,20.427,22.283,18.571,2.4255,2.556,2.295,0.7575000000000001,0.686,0.829,0.5515,0.483,0.62,2.6315,2.762,2.501,2.6315,2.762,2.501,3.7729999999999997,4.026,3.52,3.7729999999999997,4.026,3.52,4.402,4.589,4.215,4.402,4.589,4.215
2024-07-04T20:30:00Z,0,30.267,30.267,30.267,86.533,86.533,86.533,1009.577,1009.577,1009.577,73.839,,73.839,0.02,2.4,2.5,2.2,10.1,10.4,9.9,7.9,8.1,7.8,176.1,173.9,178.4,674.54,690.063,659.017,185.773,191.831,179.715,17.9565,20.564,15.349,2.2555,3.048,1.463,0.718,0.853,0.583,0.512,0.647,0.377,2.5534999999999997,2.663,2.444,2.5534999999999997,2.663,2.444,3.575,3.93,3.22,3.575,3.93,3.22,4.1185,4.574,3.663,4.1185,4.574,3.663
2024-07-04T21:00:00Z,0,30.067,30.067,30.067,86,86,86,1009.369,1009.369,1009.369,64.755,,64.755,0.02,2.2,2.3,2.1,9.4,9.4,9.3,7.5,7.6,7.5,183.8,183.1,184.4,623.5515,627.834,619.269,169.2825,172.492,166.073,16.859499999999997,18.798,14.921,1.948,2.16,1.736,0.7070000000000001,0.854,0.56,0.49,0.577,0.403,2.2439999999999998,2.327,2.161,2.2439999999999998,2.327,2.161,3.1695,3.315,3.024,3.1695,3.315,3.024,3.694,3.955,3.433,3.694,3.955,3.433
2024-07-04T21:30:00Z,0,30,30,30,85.867,85.867,85.867,1009.066,1009.066,1009.066,67.791,,67.791,0.02,2.4,2.5,2.2,9.9,9.9,10,7.9,7.8,7.9,177.9,178.2,177.6,662.6275,660.605,664.65,182.012,183.755,180.269,18.360999999999997,20.955,15.767,2.16,2.837,1.483,0.6245,0.598,0.651,0.4085,0.35,0.467,2.3625,2.336,2.389,2.3625,2.336,2.389,3.4375,3.655,3.22,3.4375,3.655,3.22,3.9215,4.089,3.754,3.9215,4.089,3.754
2024-07-04T22:00:00Z,0,29.467,29.467,29.467,86.867,86.867,86.867,1008.81,1008.81,1008.81,71.219,,71.219,0.02,2.3,2.5,2.2,10,10.1,9.9,7.9,8,7.8,177.2,176.1,178.3,667.1535,674.952,659.355,182.286,186.435,178.137,17.932,20.226,15.638,1.939,2.649,1.229,0.523,0.663,0.383,0.352,0.397,0.307,2.483,2.519,2.447,2.483,2.519,2.447,3.4095,3.684,3.135,3.4095,3.684,3.135,3.8515,4.229,3.474,3.8515,4.229,3.474
2024-07-04T22:30:00Z,0,30.467,30.467,30.467,86.4,86.4,86.4,1008.615,1008.615,1008.615,69.856,,69.856,0.02,2.5,2.6,2.4,10.4,10.6,10.3,8.1,8.2,8,173.3,171.9,174.8,694.435,704.745,684.125,192.3585,197.622,187.095,19.618000000000002,21.811,17.425,2.0255,2.616,1.435,0.6,0.775,0.425,0.4705,0.59,0.351,2.708,2.771,2.645,2.708,2.771,2.645,3.7335000000000003,3.994,3.473,3.7335000000000003,3.994,3.473,4.227,4.624,3.83,4.227,4.624,3.83
2024-07-04T23:00:00Z,0,30.733,30.733,30.733,86.267,86.267,86.267,1008.491,1008.491,1008.491,75.558,,75.558,0.02,2.4,2.5,2.3,10.3,10.4,10.1,8,8.1,8,174.5,173.1,175.9,686.2665,696.091,676.442,187.2735,192.064,182.483,18.553,20.815,16.291,2.089,2.523,1.655,0.4995,0.506,0.493,0.318,0.299,0.337,2.5695,2.656,2.483,2.5695,2.656,2.483,3.6310000000000002,3.937,3.325,3.6310000000000002,3.937,3.325,4.066000000000001,4.323,3.809,4.066000000000001,4.323,3.809
2024-07-04T23:30:00Z,0,30.733,30.733,30.733,86.267,86.267,86.267,1008.26,1008.26,1008.26,55.429,,55.429,0.02,2.4,2.5,2.3,10,10,10,7.9,7.9,7.9,177,176.9,177,668.719,669.067,668.371,182.508,185.175,179.841,18.8515,20.097,17.606,1.9224999999999999,2.207,1.638,0.518,0.523,0.513,0.363,0.342,0.384,2.4935,2.536,2.451,2.4935,2.536,2.451,3.502,3.644,3.36,3.502,3.644,3.36,3.934,4.061,3.807,3.934,4.061,3.807
