#,Date-Time (PDT),Ch: 1 - Temperature   (°C )
1,05/24/2022 13:00:00,15.87
2,05/24/2022 14:00:00,16.64
3,05/24/2022 15:00:00,16.90
4,05/24/2022 16:00:00,15.10
5,05/24/2022 17:00:00,14.24
6,05/24/2022 18:00:00,14.24
7,05/24/2022 19:00:00,14.50
8,05/24/2022 20:00:00,14.20
9,05/24/2022 21:00:00,13.55
10,05/24/2022 22:00:00,12.57
11,05/24/2022 23:00:00,12.10
12,05/25/2022 00:00:00,11.97
13,05/25/2022 01:00:00,11.41
14,05/25/2022 02:00:00,11.41
15,05/25/2022 03:00:00,11.49
16,05/25/2022 04:00:00,11.28
17,05/25/2022 05:00:00,11.45
18,05/25/2022 06:00:00,11.97
19,05/25/2022 07:00:00,12.52
20,05/25/2022 08:00:00,13.00
21,05/25/2022 09:00:00,14.80
22,05/25/2022 10:00:00,16.43
23,05/25/2022 11:00:00,17.24
24,05/25/2022 12:00:00,18.70
25,05/25/2022 13:00:00,20.33
26,05/25/2022 14:00:00,20.68
27,05/25/2022 15:00:00,21.58
28,05/25/2022 16:00:00,22.22
29,05/25/2022 17:00:00,21.75
30,05/25/2022 18:00:00,21.23
31,05/25/2022 19:00:00,19.39
32,05/25/2022 20:00:00,18.14
33,05/25/2022 21:00:00,16.77
34,05/25/2022 22:00:00,15.87
35,05/25/2022 23:00:00,15.27
36,05/26/2022 00:00:00,14.11
37,05/26/2022 01:00:00,13.34
38,05/26/2022 02:00:00,12.82
39,05/26/2022 03:00:00,12.18
40,05/26/2022 04:00:00,11.71
41,05/26/2022 05:00:00,11.75
42,05/26/2022 06:00:00,11.62
43,05/26/2022 07:00:00,12.48
44,05/26/2022 08:00:00,12.78
45,05/26/2022 09:00:00,13.60
46,05/26/2022 10:00:00,15.18
47,05/26/2022 11:00:00,16.56
48,05/26/2022 12:00:00,18.02
49,05/26/2022 13:00:00,19.22
50,05/26/2022 14:00:00,20.16
51,05/26/2022 15:00:00,20.29
52,05/26/2022 16:00:00,19.90
53,05/26/2022 17:00:00,20.16
54,05/26/2022 18:00:00,19.47
55,05/26/2022 19:00:00,16.21
56,05/26/2022 20:00:00,16.64
57,05/26/2022 21:00:00,16.43
58,05/26/2022 22:00:00,16.08
59,05/26/2022 23:00:00,15.83
60,05/27/2022 00:00:00,14.97
61,05/27/2022 01:00:00,13.98
62,05/27/2022 02:00:00,13.38
63,05/27/2022 03:00:00,12.35
64,05/27/2022 04:00:00,12.14
65,05/27/2022 05:00:00,10.98
66,05/27/2022 06:00:00,10.98
67,05/27/2022 07:00:00,11.15
68,05/27/2022 08:00:00,11.58
69,05/27/2022 09:00:00,12.70
70,05/27/2022 10:00:00,13.60
71,05/27/2022 11:00:00,14.75
72,05/27/2022 12:00:00,15.40
73,05/27/2022 13:00:00,15.96
74,05/27/2022 14:00:00,15.31
75,05/27/2022 15:00:00,14.84
76,05/27/2022 16:00:00,14.63
77,05/27/2022 17:00:00,14.93
78,05/27/2022 18:00:00,12.05
79,05/27/2022 19:00:00,12.70
80,05/27/2022 20:00:00,11.84
81,05/27/2022 21:00:00,11.28
82,05/27/2022 22:00:00,10.81
83,05/27/2022 23:00:00,10.16
84,05/28/2022 00:00:00,9.82
85,05/28/2022 01:00:00,9.61
86,05/28/2022 02:00:00,9.52
87,05/28/2022 03:00:00,9.44
88,05/28/2022 04:00:00,9.35
89,05/28/2022 05:00:00,9.95
90,05/28/2022 06:00:00,10.08
91,05/28/2022 07:00:00,10.25
92,05/28/2022 08:00:00,10.85
93,05/28/2022 09:00:00,11.79
94,05/28/2022 10:00:00,12.44
95,05/28/2022 11:00:00,13.12
96,05/28/2022 12:00:00,13.77
97,05/28/2022 13:00:00,13.55
98,05/28/2022 14:00:00,13.30
99,05/28/2022 15:00:00,13.21
100,05/28/2022 16:00:00,12.70
101,05/28/2022 17:00:00,12.18
102,05/28/2022 18:00:00,11.15
103,05/28/2022 19:00:00,10.94
104,05/28/2022 20:00:00,10.89
105,05/28/2022 21:00:00,10.55
106,05/28/2022 22:00:00,10.51
107,05/28/2022 23:00:00,10.51
108,05/29/2022 00:00:00,10.34
109,05/29/2022 01:00:00,10.04
110,05/29/2022 02:00:00,10.04
111,05/29/2022 03:00:00,10.04
112,05/29/2022 04:00:00,10.08
113,05/29/2022 05:00:00,9.99
114,05/29/2022 06:00:00,9.52
115,05/29/2022 07:00:00,9.78
116,05/29/2022 08:00:00,10.21
117,05/29/2022 09:00:00,10.38
118,05/29/2022 10:00:00,11.15
119,05/29/2022 11:00:00,11.84
120,05/29/2022 12:00:00,12.14
121,05/29/2022 13:00:00,13.17
122,05/29/2022 14:00:00,15.44
123,05/29/2022 15:00:00,16.00
124,05/29/2022 16:00:00,15.70
125,05/29/2022 17:00:00,15.91
126,05/29/2022 18:00:00,14.07
127,05/29/2022 19:00:00,13.12
128,05/29/2022 20:00:00,12.18
129,05/29/2022 21:00:00,11.45
130,05/29/2022 22:00:00,10.55
131,05/29/2022 23:00:00,9.86
132,05/30/2022 00:00:00,9.39
133,05/30/2022 01:00:00,8.79
134,05/30/2022 02:00:00,8.36
135,05/30/2022 03:00:00,7.81
136,05/30/2022 04:00:00,7.63
137,05/30/2022 05:00:00,7.85
138,05/30/2022 06:00:00,8.28
139,05/30/2022 07:00:00,8.45
140,05/30/2022 08:00:00,9.14
141,05/30/2022 09:00:00,9.65
142,05/30/2022 10:00:00,10.81
143,05/30/2022 11:00:00,12.35
144,05/30/2022 12:00:00,14.67
145,05/30/2022 13:00:00,15.18
146,05/30/2022 14:00:00,15.40
147,05/30/2022 15:00:00,16.30
148,05/30/2022 16:00:00,16.81
149,05/30/2022 17:00:00,15.87
150,05/30/2022 18:00:00,16.13
151,05/30/2022 19:00:00,15.10
152,05/30/2022 20:00:00,14.54
153,05/30/2022 21:00:00,13.60
154,05/30/2022 22:00:00,12.82
155,05/30/2022 23:00:00,12.14
156,05/31/2022 00:00:00,12.10
157,05/31/2022 01:00:00,11.41
158,05/31/2022 02:00:00,10.77
159,05/31/2022 03:00:00,10.64
160,05/31/2022 04:00:00,10.34
161,05/31/2022 05:00:00,10.25
162,05/31/2022 06:00:00,9.74
163,05/31/2022 07:00:00,10.46
164,05/31/2022 08:00:00,11.71
165,05/31/2022 09:00:00,13.08
166,05/31/2022 10:00:00,14.63
167,05/31/2022 11:00:00,16.47
168,05/31/2022 12:00:00,17.54
169,05/31/2022 13:00:00,18.62
170,05/31/2022 14:00:00,19.22
171,05/31/2022 15:00:00,19.99
172,05/31/2022 16:00:00,21.02
173,05/31/2022 17:00:00,20.89
174,05/31/2022 18:00:00,20.50
175,05/31/2022 19:00:00,19.60
176,05/31/2022 20:00:00,18.36
177,05/31/2022 21:00:00,17.37
178,05/31/2022 22:00:00,16.56
179,05/31/2022 23:00:00,16.04
180,06/01/2022 00:00:00,15.66
181,06/01/2022 01:00:00,15.14
182,06/01/2022 02:00:00,15.18
183,06/01/2022 03:00:00,14.88
184,06/01/2022 04:00:00,14.11
185,06/01/2022 05:00:00,13.21
186,06/01/2022 06:00:00,13.00
187,06/01/2022 07:00:00,13.64
188,06/01/2022 08:00:00,14.58
189,06/01/2022 09:00:00,15.61
190,06/01/2022 10:00:00,16.81
191,06/01/2022 11:00:00,18.02
192,06/01/2022 12:00:00,19.86
193,06/01/2022 13:00:00,21.58
194,06/01/2022 14:00:00,22.95
195,06/01/2022 15:00:00,22.01
196,06/01/2022 16:00:00,21.79
197,06/01/2022 17:00:00,22.31
198,06/01/2022 18:00:00,21.88
199,06/01/2022 19:00:00,21.15
200,06/01/2022 20:00:00,17.67
201,06/01/2022 21:00:00,16.86
202,06/01/2022 22:00:00,16.21
203,06/01/2022 23:00:00,15.44
204,06/02/2022 00:00:00,15.14
205,06/02/2022 01:00:00,14.88
206,06/02/2022 02:00:00,14.50
207,06/02/2022 03:00:00,13.38
208,06/02/2022 04:00:00,13.21
209,06/02/2022 05:00:00,12.70
210,06/02/2022 06:00:00,11.88
211,06/02/2022 07:00:00,13.77
212,06/02/2022 08:00:00,15.06
213,06/02/2022 09:00:00,16.51
214,06/02/2022 10:00:00,17.89
215,06/02/2022 11:00:00,19.13
216,06/02/2022 12:00:00,21.02
217,06/02/2022 13:00:00,22.05
218,06/02/2022 14:00:00,23.16
219,06/02/2022 15:00:00,24.15
220,06/02/2022 16:00:00,24.88
221,06/02/2022 17:00:00,24.49
222,06/02/2022 18:00:00,21.19
223,06/02/2022 19:00:00,20.98
224,06/02/2022 20:00:00,21.28
225,06/02/2022 21:00:00,20.29
226,06/02/2022 22:00:00,19.13
227,06/02/2022 23:00:00,18.23
228,06/03/2022 00:00:00,17.07
229,06/03/2022 01:00:00,15.87
230,06/03/2022 02:00:00,15.70
231,06/03/2022 03:00:00,14.03
232,06/03/2022 04:00:00,13.47
233,06/03/2022 05:00:00,13.51
234,06/03/2022 06:00:00,13.34
235,06/03/2022 07:00:00,13.81
236,06/03/2022 08:00:00,14.88
237,06/03/2022 09:00:00,14.58
238,06/03/2022 10:00:00,15.01
239,06/03/2022 11:00:00,15.61
240,06/03/2022 12:00:00,16.17
241,06/03/2022 13:00:00,16.56
242,06/03/2022 14:00:00,15.27
243,06/03/2022 15:00:00,15.87
244,06/03/2022 16:00:00,16.77
245,06/03/2022 17:00:00,16.73
246,06/03/2022 18:00:00,17.07
247,06/03/2022 19:00:00,14.33
248,06/03/2022 20:00:00,13.21
249,06/03/2022 21:00:00,13.04
250,06/03/2022 22:00:00,13.30
251,06/03/2022 23:00:00,13.25
252,06/04/2022 00:00:00,13.17
253,06/04/2022 01:00:00,13.38
254,06/04/2022 02:00:00,13.12
255,06/04/2022 03:00:00,13.17
256,06/04/2022 04:00:00,13.25
257,06/04/2022 05:00:00,12.95
258,06/04/2022 06:00:00,12.87
259,06/04/2022 07:00:00,14.11
260,06/04/2022 08:00:00,14.71
261,06/04/2022 09:00:00,16.00
262,06/04/2022 10:00:00,17.33
263,06/04/2022 11:00:00,17.76
264,06/04/2022 12:00:00,18.53
265,06/04/2022 13:00:00,20.76
266,06/04/2022 14:00:00,20.63
267,06/04/2022 15:00:00,17.72
268,06/04/2022 16:00:00,18.14
269,06/04/2022 17:00:00,18.23
270,06/04/2022 18:00:00,16.39
271,06/04/2022 19:00:00,16.43
272,06/04/2022 20:00:00,16.08
273,06/04/2022 21:00:00,15.78
274,06/04/2022 22:00:00,15.61
275,06/04/2022 23:00:00,15.66
276,06/05/2022 00:00:00,15.66
277,06/05/2022 01:00:00,15.66
278,06/05/2022 02:00:00,15.31
279,06/05/2022 03:00:00,15.31
280,06/05/2022 04:00:00,15.06
281,06/05/2022 05:00:00,15.27
282,06/05/2022 06:00:00,14.84
283,06/05/2022 07:00:00,15.66
284,06/05/2022 08:00:00,15.36
285,06/05/2022 09:00:00,14.71
286,06/05/2022 10:00:00,15.10
287,06/05/2022 11:00:00,15.96
288,06/05/2022 12:00:00,16.86
289,06/05/2022 13:00:00,18.23
290,06/05/2022 14:00:00,18.19
291,06/05/2022 15:00:00,19.17
292,06/05/2022 16:00:00,18.44
293,06/05/2022 17:00:00,16.34
294,06/05/2022 18:00:00,18.06
295,06/05/2022 19:00:00,16.64
296,06/05/2022 20:00:00,14.75
297,06/05/2022 21:00:00,13.90
298,06/05/2022 22:00:00,13.47
299,06/05/2022 23:00:00,13.30
300,06/06/2022 00:00:00,12.87
301,06/06/2022 01:00:00,12.10
302,06/06/2022 02:00:00,11.32
303,06/06/2022 03:00:00,10.38
304,06/06/2022 04:00:00,10.08
305,06/06/2022 05:00:00,9.52
306,06/06/2022 06:00:00,9.95
307,06/06/2022 07:00:00,10.98
308,06/06/2022 08:00:00,12.22
309,06/06/2022 09:00:00,12.61
310,06/06/2022 10:00:00,13.73
311,06/06/2022 11:00:00,14.15
312,06/06/2022 12:00:00,16.26
313,06/06/2022 13:00:00,17.89
314,06/06/2022 14:00:00,18.44
315,06/06/2022 15:00:00,19.35
316,06/06/2022 16:00:00,19.09
317,06/06/2022 17:00:00,18.53
318,06/06/2022 18:00:00,18.53
319,06/06/2022 19:00:00,18.06
320,06/06/2022 20:00:00,17.03
321,06/06/2022 21:00:00,16.21
322,06/06/2022 22:00:00,15.36
323,06/06/2022 23:00:00,14.67
324,06/07/2022 00:00:00,13.77
325,06/07/2022 01:00:00,13.08
326,06/07/2022 02:00:00,12.48
327,06/07/2022 03:00:00,11.79
328,06/07/2022 04:00:00,11.84
329,06/07/2022 05:00:00,11.49
330,06/07/2022 06:00:00,11.49
331,06/07/2022 07:00:00,12.78
332,06/07/2022 08:00:00,13.43
333,06/07/2022 09:00:00,14.37
334,06/07/2022 10:00:00,15.78
335,06/07/2022 11:00:00,17.41
336,06/07/2022 12:00:00,19.05
337,06/07/2022 13:00:00,20.12
338,06/07/2022 14:00:00,21.92
339,06/07/2022 15:00:00,23.59
340,06/07/2022 16:00:00,23.16
341,06/07/2022 17:00:00,22.65
342,06/07/2022 18:00:00,22.61
343,06/07/2022 19:00:00,22.05
344,06/07/2022 20:00:00,21.62
345,06/07/2022 21:00:00,19.73
346,06/07/2022 22:00:00,17.37
347,06/07/2022 23:00:00,16.34
348,06/08/2022 00:00:00,15.48
349,06/08/2022 01:00:00,14.84
350,06/08/2022 02:00:00,14.63
351,06/08/2022 03:00:00,14.54
352,06/08/2022 04:00:00,13.98
353,06/08/2022 05:00:00,13.68
354,06/08/2022 06:00:00,13.60
355,06/08/2022 07:00:00,14.15
356,06/08/2022 08:00:00,15.31
357,06/08/2022 09:00:00,16.56
358,06/08/2022 10:00:00,17.67
359,06/08/2022 11:00:00,18.10
360,06/08/2022 12:00:00,19.26
361,06/08/2022 13:00:00,19.99
362,06/08/2022 14:00:00,20.68
363,06/08/2022 15:00:00,22.22
364,06/08/2022 16:00:00,22.69
365,06/08/2022 17:00:00,22.26
366,06/08/2022 18:00:00,22.82
367,06/08/2022 19:00:00,21.19
368,06/08/2022 20:00:00,19.82
369,06/08/2022 21:00:00,18.49
370,06/08/2022 22:00:00,17.33
371,06/08/2022 23:00:00,16.90
372,06/09/2022 00:00:00,16.39
373,06/09/2022 01:00:00,15.36
374,06/09/2022 02:00:00,14.97
375,06/09/2022 03:00:00,14.80
376,06/09/2022 04:00:00,14.33
377,06/09/2022 05:00:00,13.94
378,06/09/2022 06:00:00,13.34
379,06/09/2022 07:00:00,13.12
380,06/09/2022 08:00:00,13.04
381,06/09/2022 09:00:00,12.91
382,06/09/2022 10:00:00,13.04
383,06/09/2022 11:00:00,12.87
384,06/09/2022 12:00:00,12.61
385,06/09/2022 13:00:00,13.04
386,06/09/2022 14:00:00,13.47
387,06/09/2022 15:00:00,13.68
388,06/09/2022 16:00:00,12.95
389,06/09/2022 17:00:00,13.38
390,06/09/2022 18:00:00,13.77
391,06/09/2022 19:00:00,13.94
392,06/09/2022 20:00:00,14.20
393,06/09/2022 21:00:00,14.54
394,06/09/2022 22:00:00,14.75
395,06/09/2022 23:00:00,15.27
396,06/10/2022 00:00:00,16.21
397,06/10/2022 01:00:00,16.08
398,06/10/2022 02:00:00,15.87
399,06/10/2022 03:00:00,15.83
400,06/10/2022 04:00:00,15.48
401,06/10/2022 05:00:00,15.18
402,06/10/2022 06:00:00,14.75
403,06/10/2022 07:00:00,14.75
404,06/10/2022 08:00:00,15.18
405,06/10/2022 09:00:00,16.60
406,06/10/2022 10:00:00,17.11
407,06/10/2022 11:00:00,18.10
408,06/10/2022 12:00:00,19.35
409,06/10/2022 13:00:00,19.95
410,06/10/2022 14:00:00,19.73
411,06/10/2022 15:00:00,17.63
412,06/10/2022 16:00:00,17.33
413,06/10/2022 17:00:00,16.21
414,06/10/2022 18:00:00,16.04
415,06/10/2022 19:00:00,15.31
416,06/10/2022 20:00:00,14.80
417,06/10/2022 21:00:00,14.37
418,06/10/2022 22:00:00,14.11
419,06/10/2022 23:00:00,13.73
420,06/11/2022 00:00:00,13.47
421,06/11/2022 01:00:00,13.21
422,06/11/2022 02:00:00,13.17
423,06/11/2022 03:00:00,13.17
424,06/11/2022 04:00:00,13.04
425,06/11/2022 05:00:00,12.70
426,06/11/2022 06:00:00,12.65
427,06/11/2022 07:00:00,13.25
428,06/11/2022 08:00:00,13.81
429,06/11/2022 09:00:00,14.93
430,06/11/2022 10:00:00,15.91
431,06/11/2022 11:00:00,16.21
432,06/11/2022 12:00:00,17.46
433,06/11/2022 13:00:00,19.95
434,06/11/2022 14:00:00,20.03
435,06/11/2022 15:00:00,20.89
436,06/11/2022 16:00:00,21.96
437,06/11/2022 17:00:00,21.62
438,06/11/2022 18:00:00,21.70
439,06/11/2022 19:00:00,19.39
440,06/11/2022 20:00:00,17.80
441,06/11/2022 21:00:00,16.13
442,06/11/2022 22:00:00,14.03
443,06/11/2022 23:00:00,13.17
444,06/12/2022 00:00:00,13.08
445,06/12/2022 01:00:00,13.00
446,06/12/2022 02:00:00,12.78
447,06/12/2022 03:00:00,12.35
448,06/12/2022 04:00:00,11.54
449,06/12/2022 05:00:00,11.28
450,06/12/2022 06:00:00,11.49
451,06/12/2022 07:00:00,11.71
452,06/12/2022 08:00:00,12.31
453,06/12/2022 09:00:00,12.74
454,06/12/2022 10:00:00,13.12
455,06/12/2022 11:00:00,13.55
456,06/12/2022 12:00:00,13.81
457,06/12/2022 13:00:00,13.68
458,06/12/2022 14:00:00,14.63
459,06/12/2022 15:00:00,14.15
460,06/12/2022 16:00:00,14.07
461,06/12/2022 17:00:00,14.28
462,06/12/2022 18:00:00,13.98
463,06/12/2022 19:00:00,13.43
464,06/12/2022 20:00:00,13.55
465,06/12/2022 21:00:00,12.65
466,06/12/2022 22:00:00,12.18
467,06/12/2022 23:00:00,11.37
468,06/13/2022 00:00:00,10.64
469,06/13/2022 01:00:00,10.08
470,06/13/2022 02:00:00,9.95
471,06/13/2022 03:00:00,10.16
472,06/13/2022 04:00:00,10.38
473,06/13/2022 05:00:00,10.34
474,06/13/2022 06:00:00,10.34
475,06/13/2022 07:00:00,10.59
476,06/13/2022 08:00:00,11.67
477,06/13/2022 09:00:00,13.12
478,06/13/2022 10:00:00,13.55
479,06/13/2022 11:00:00,14.07
480,06/13/2022 12:00:00,15.44
481,06/13/2022 13:00:00,14.93
482,06/13/2022 14:00:00,16.00
483,06/13/2022 15:00:00,15.44
484,06/13/2022 16:00:00,16.13
485,06/13/2022 17:00:00,15.70
486,06/13/2022 18:00:00,15.27
487,06/13/2022 19:00:00,14.41
488,06/13/2022 20:00:00,12.70
489,06/13/2022 21:00:00,12.01
490,06/13/2022 22:00:00,11.45
491,06/13/2022 23:00:00,10.89
492,06/14/2022 00:00:00,10.72
493,06/14/2022 01:00:00,10.38
494,06/14/2022 02:00:00,10.34
495,06/14/2022 03:00:00,9.95
496,06/14/2022 04:00:00,9.74
497,06/14/2022 05:00:00,9.52
498,06/14/2022 06:00:00,9.52
499,06/14/2022 07:00:00,9.56
500,06/14/2022 08:00:00,10.08
501,06/14/2022 09:00:00,10.98
502,06/14/2022 10:00:00,12.27
503,06/14/2022 11:00:00,14.20
504,06/14/2022 12:00:00,15.40
505,06/14/2022 13:00:00,16.90
506,06/14/2022 14:00:00,17.46
507,06/14/2022 15:00:00,19.17
508,06/14/2022 16:00:00,18.23
509,06/14/2022 17:00:00,17.24
510,06/14/2022 18:00:00,16.69
511,06/14/2022 19:00:00,16.39
512,06/14/2022 20:00:00,15.66
513,06/14/2022 21:00:00,14.41
514,06/14/2022 22:00:00,13.30
515,06/14/2022 23:00:00,12.40
516,06/15/2022 00:00:00,11.45
517,06/15/2022 01:00:00,11.02
518,06/15/2022 02:00:00,10.55
519,06/15/2022 03:00:00,10.12
520,06/15/2022 04:00:00,9.52
521,06/15/2022 05:00:00,9.52
522,06/15/2022 06:00:00,9.91
523,06/15/2022 07:00:00,10.51
524,06/15/2022 08:00:00,11.45
525,06/15/2022 09:00:00,11.88
526,06/15/2022 10:00:00,13.25
527,06/15/2022 11:00:00,14.75
528,06/15/2022 12:00:00,15.44
529,06/15/2022 13:00:00,15.01
530,06/15/2022 14:00:00,15.48
531,06/15/2022 15:00:00,15.57
532,06/15/2022 16:00:00,16.69
533,06/15/2022 17:00:00,16.08
534,06/15/2022 18:00:00,16.21
535,06/15/2022 19:00:00,16.13
536,06/15/2022 20:00:00,15.78
537,06/15/2022 21:00:00,14.97
538,06/15/2022 22:00:00,14.24
539,06/15/2022 23:00:00,13.43
540,06/16/2022 00:00:00,12.40
541,06/16/2022 01:00:00,12.61
542,06/16/2022 02:00:00,11.58
543,06/16/2022 03:00:00,11.62
544,06/16/2022 04:00:00,10.98
545,06/16/2022 05:00:00,11.11
546,06/16/2022 06:00:00,11.11
547,06/16/2022 07:00:00,11.71
548,06/16/2022 08:00:00,12.52
549,06/16/2022 09:00:00,13.98
550,06/16/2022 10:00:00,15.70
551,06/16/2022 11:00:00,17.33
552,06/16/2022 12:00:00,17.80
553,06/16/2022 13:00:00,16.69
554,06/16/2022 14:00:00,19.13
555,06/16/2022 15:00:00,20.68
556,06/16/2022 16:00:00,20.07
557,06/16/2022 17:00:00,21.06
558,06/16/2022 18:00:00,19.73
559,06/16/2022 19:00:00,19.52
560,06/16/2022 20:00:00,18.70
561,06/16/2022 21:00:00,17.29
562,06/16/2022 22:00:00,16.26
563,06/16/2022 23:00:00,15.36
564,06/17/2022 00:00:00,14.58
565,06/17/2022 01:00:00,14.33
566,06/17/2022 02:00:00,14.28
567,06/17/2022 03:00:00,14.20
568,06/17/2022 04:00:00,13.51
569,06/17/2022 05:00:00,12.65
570,06/17/2022 06:00:00,12.65
571,06/17/2022 07:00:00,13.21
572,06/17/2022 08:00:00,13.30
573,06/17/2022 09:00:00,13.21
574,06/17/2022 10:00:00,13.47
575,06/17/2022 11:00:00,13.51
576,06/17/2022 12:00:00,13.90
577,06/17/2022 13:00:00,14.28
578,06/17/2022 14:00:00,13.60
579,06/17/2022 15:00:00,13.34
580,06/17/2022 16:00:00,13.21
581,06/17/2022 17:00:00,13.55
582,06/17/2022 18:00:00,12.95
583,06/17/2022 19:00:00,12.70
584,06/17/2022 20:00:00,12.78
585,06/17/2022 21:00:00,12.52
586,06/17/2022 22:00:00,12.44
587,06/17/2022 23:00:00,12.22
588,06/18/2022 00:00:00,12.01
589,06/18/2022 01:00:00,11.79
590,06/18/2022 02:00:00,11.49
591,06/18/2022 03:00:00,11.37
592,06/18/2022 04:00:00,11.32
593,06/18/2022 05:00:00,11.24
594,06/18/2022 06:00:00,11.28
595,06/18/2022 07:00:00,11.58
596,06/18/2022 08:00:00,12.01
597,06/18/2022 09:00:00,12.74
598,06/18/2022 10:00:00,13.85
599,06/18/2022 11:00:00,14.45
600,06/18/2022 12:00:00,14.88
601,06/18/2022 13:00:00,15.87
602,06/18/2022 14:00:00,15.74
603,06/18/2022 15:00:00,16.13
604,06/18/2022 16:00:00,16.86
605,06/18/2022 17:00:00,16.26
606,06/18/2022 18:00:00,16.60
607,06/18/2022 19:00:00,16.17
608,06/18/2022 20:00:00,15.18
609,06/18/2022 21:00:00,14.07
610,06/18/2022 22:00:00,13.73
611,06/18/2022 23:00:00,12.74
612,06/19/2022 00:00:00,12.44
613,06/19/2022 01:00:00,12.18
614,06/19/2022 02:00:00,11.45
615,06/19/2022 03:00:00,11.32
616,06/19/2022 04:00:00,11.45
617,06/19/2022 05:00:00,11.45
618,06/19/2022 06:00:00,11.62
619,06/19/2022 07:00:00,11.97
620,06/19/2022 08:00:00,12.65
621,06/19/2022 09:00:00,13.55
622,06/19/2022 10:00:00,14.58
623,06/19/2022 11:00:00,16.39
624,06/19/2022 12:00:00,17.16
625,06/19/2022 13:00:00,18.66
626,06/19/2022 14:00:00,19.05
627,06/19/2022 15:00:00,20.12
628,06/19/2022 16:00:00,20.93
629,06/19/2022 17:00:00,20.80
630,06/19/2022 18:00:00,19.09
631,06/19/2022 19:00:00,17.16
632,06/19/2022 20:00:00,17.59
633,06/19/2022 21:00:00,16.13
634,06/19/2022 22:00:00,14.88
635,06/19/2022 23:00:00,13.98
636,06/20/2022 00:00:00,13.38
637,06/20/2022 01:00:00,12.61
638,06/20/2022 02:00:00,11.58
639,06/20/2022 03:00:00,10.94
640,06/20/2022 04:00:00,11.11
641,06/20/2022 05:00:00,11.15
642,06/20/2022 06:00:00,11.71
643,06/20/2022 07:00:00,12.05
644,06/20/2022 08:00:00,12.74
645,06/20/2022 09:00:00,12.82
646,06/20/2022 10:00:00,14.45
647,06/20/2022 11:00:00,15.36
648,06/20/2022 12:00:00,17.37
649,06/20/2022 13:00:00,17.84
650,06/20/2022 14:00:00,18.79
651,06/20/2022 15:00:00,19.30
652,06/20/2022 16:00:00,19.90
653,06/20/2022 17:00:00,20.98
654,06/20/2022 18:00:00,19.56
655,06/20/2022 19:00:00,19.52
656,06/20/2022 20:00:00,18.87
657,06/20/2022 21:00:00,18.57
658,06/20/2022 22:00:00,17.41
659,06/20/2022 23:00:00,16.26
660,06/21/2022 00:00:00,14.50
661,06/21/2022 01:00:00,13.94
662,06/21/2022 02:00:00,13.60
663,06/21/2022 03:00:00,12.61
664,06/21/2022 04:00:00,12.27
665,06/21/2022 05:00:00,12.05
666,06/21/2022 06:00:00,11.88
667,06/21/2022 07:00:00,11.84
668,06/21/2022 08:00:00,12.18
669,06/21/2022 09:00:00,13.38
670,06/21/2022 10:00:00,14.41
671,06/21/2022 11:00:00,16.94
672,06/21/2022 12:00:00,19.47
673,06/21/2022 13:00:00,22.52
674,06/21/2022 14:00:00,24.02
675,06/21/2022 15:00:00,24.11
676,06/21/2022 16:00:00,24.92
677,06/21/2022 17:00:00,25.87
678,06/21/2022 18:00:00,26.34
679,06/21/2022 19:00:00,25.05
680,06/21/2022 20:00:00,24.45
681,06/21/2022 21:00:00,22.31
682,06/21/2022 22:00:00,20.16
683,06/21/2022 23:00:00,18.74
684,06/22/2022 00:00:00,17.93
685,06/22/2022 01:00:00,16.90
686,06/22/2022 02:00:00,16.56
687,06/22/2022 03:00:00,15.96
688,06/22/2022 04:00:00,15.57
689,06/22/2022 05:00:00,14.97
690,06/22/2022 06:00:00,15.14
691,06/22/2022 07:00:00,15.18
692,06/22/2022 08:00:00,15.70
693,06/22/2022 09:00:00,16.17
694,06/22/2022 10:00:00,16.81
695,06/22/2022 11:00:00,17.46
696,06/22/2022 12:00:00,18.83
697,06/22/2022 13:00:00,19.22
698,06/22/2022 14:00:00,19.60
699,06/22/2022 15:00:00,18.27
700,06/22/2022 16:00:00,20.63
701,06/22/2022 17:00:00,20.59
702,06/22/2022 18:00:00,21.19
703,06/22/2022 19:00:00,20.46
704,06/22/2022 20:00:00,19.52
705,06/22/2022 21:00:00,18.53
706,06/22/2022 22:00:00,16.47
707,06/22/2022 23:00:00,14.45
708,06/23/2022 00:00:00,13.38
709,06/23/2022 01:00:00,12.70
710,06/23/2022 02:00:00,11.62
711,06/23/2022 03:00:00,11.19
712,06/23/2022 04:00:00,10.98
713,06/23/2022 05:00:00,10.59
714,06/23/2022 06:00:00,10.64
715,06/23/2022 07:00:00,11.37
716,06/23/2022 08:00:00,12.44
717,06/23/2022 09:00:00,14.07
718,06/23/2022 10:00:00,15.36
719,06/23/2022 11:00:00,16.69
720,06/23/2022 12:00:00,17.97
721,06/23/2022 13:00:00,19.00
722,06/23/2022 14:00:00,21.02
723,06/23/2022 15:00:00,21.49
724,06/23/2022 16:00:00,21.36
725,06/23/2022 17:00:00,21.75
726,06/23/2022 18:00:00,21.70
727,06/23/2022 19:00:00,20.29
728,06/23/2022 20:00:00,19.26
729,06/23/2022 21:00:00,18.19
730,06/23/2022 22:00:00,16.99
731,06/23/2022 23:00:00,16.21
732,06/24/2022 00:00:00,15.61
733,06/24/2022 01:00:00,15.06
734,06/24/2022 02:00:00,14.54
735,06/24/2022 03:00:00,14.24
736,06/24/2022 04:00:00,13.51
737,06/24/2022 05:00:00,12.35
738,06/24/2022 06:00:00,12.05
739,06/24/2022 07:00:00,13.81
740,06/24/2022 08:00:00,14.88
741,06/24/2022 09:00:00,16.30
742,06/24/2022 10:00:00,17.89
743,06/24/2022 11:00:00,18.96
744,06/24/2022 12:00:00,20.12
745,06/24/2022 13:00:00,21.83
746,06/24/2022 14:00:00,22.91
747,06/24/2022 15:00:00,23.85
748,06/24/2022 16:00:00,23.94
749,06/24/2022 17:00:00,24.75
750,06/24/2022 18:00:00,24.28
751,06/24/2022 19:00:00,23.12
752,06/24/2022 20:00:00,22.65
753,06/24/2022 21:00:00,21.36
754,06/24/2022 22:00:00,20.12
755,06/24/2022 23:00:00,19.65
756,06/25/2022 00:00:00,19.26
757,06/25/2022 01:00:00,19.09
758,06/25/2022 02:00:00,18.10
759,06/25/2022 03:00:00,17.50
760,06/25/2022 04:00:00,14.71
761,06/25/2022 05:00:00,13.85
762,06/25/2022 06:00:00,15.01
763,06/25/2022 07:00:00,17.16
764,06/25/2022 08:00:00,18.23
765,06/25/2022 09:00:00,19.82
766,06/25/2022 10:00:00,21.83
767,06/25/2022 11:00:00,23.55
768,06/25/2022 12:00:00,26.08
769,06/25/2022 13:00:00,27.88
770,06/25/2022 14:00:00,29.47
771,06/25/2022 15:00:00,29.94
772,06/25/2022 16:00:00,30.71
773,06/25/2022 17:00:00,30.28
774,06/25/2022 18:00:00,29.86
775,06/25/2022 19:00:00,28.27
776,06/25/2022 20:00:00,26.85
777,06/25/2022 21:00:00,25.31
778,06/25/2022 22:00:00,24.62
779,06/25/2022 23:00:00,24.19
780,06/26/2022 00:00:00,23.29
781,06/26/2022 01:00:00,22.86
782,06/26/2022 02:00:00,22.13
783,06/26/2022 03:00:00,19.52
784,06/26/2022 04:00:00,18.83
785,06/26/2022 05:00:00,16.81
786,06/26/2022 06:00:00,19.30
787,06/26/2022 07:00:00,20.50
788,06/26/2022 08:00:00,21.66
789,06/26/2022 09:00:00,23.12
790,06/26/2022 10:00:00,25.27
791,06/26/2022 11:00:00,26.21
792,06/26/2022 12:00:00,28.70
793,06/26/2022 13:00:00,30.11
794,06/26/2022 14:00:00,30.97
795,06/26/2022 15:00:00,32.39
796,06/26/2022 16:00:00,32.77
797,06/26/2022 17:00:00,32.34
798,06/26/2022 18:00:00,31.61
799,06/26/2022 19:00:00,30.24
800,06/26/2022 20:00:00,29.73
801,06/26/2022 21:00:00,28.05
802,06/26/2022 22:00:00,26.98
803,06/26/2022 23:00:00,25.65
804,06/27/2022 00:00:00,24.41
805,06/27/2022 01:00:00,23.94
806,06/27/2022 02:00:00,21.19
807,06/27/2022 03:00:00,20.16
808,06/27/2022 04:00:00,19.26
809,06/27/2022 05:00:00,18.44
810,06/27/2022 06:00:00,18.14
811,06/27/2022 07:00:00,20.20
812,06/27/2022 08:00:00,22.56
813,06/27/2022 09:00:00,24.49
814,06/27/2022 10:00:00,25.61
815,06/27/2022 11:00:00,27.20
816,06/27/2022 12:00:00,30.50
817,06/27/2022 13:00:00,32.13
818,06/27/2022 14:00:00,32.17
819,06/27/2022 15:00:00,33.29
820,06/27/2022 16:00:00,33.63
821,06/27/2022 17:00:00,34.53
822,06/27/2022 18:00:00,31.40
823,06/27/2022 19:00:00,28.18
824,06/27/2022 20:00:00,26.25
825,06/27/2022 21:00:00,23.98
826,06/27/2022 22:00:00,20.98
827,06/27/2022 23:00:00,17.72
828,06/28/2022 00:00:00,15.36
829,06/28/2022 01:00:00,14.75
830,06/28/2022 02:00:00,14.45
831,06/28/2022 03:00:00,14.20
832,06/28/2022 04:00:00,13.94
833,06/28/2022 05:00:00,13.55
834,06/28/2022 06:00:00,13.51
835,06/28/2022 07:00:00,14.24
836,06/28/2022 08:00:00,15.01
837,06/28/2022 09:00:00,15.48
838,06/28/2022 10:00:00,16.86
839,06/28/2022 11:00:00,17.07
840,06/28/2022 12:00:00,18.06
841,06/28/2022 13:00:00,18.06
842,06/28/2022 14:00:00,17.72
843,06/28/2022 15:00:00,17.84
844,06/28/2022 16:00:00,17.97
845,06/28/2022 17:00:00,16.60
846,06/28/2022 18:00:00,15.66
847,06/28/2022 19:00:00,15.18
848,06/28/2022 20:00:00,15.10
849,06/28/2022 21:00:00,15.48
850,06/28/2022 22:00:00,15.31
851,06/28/2022 23:00:00,15.10
852,06/29/2022 00:00:00,14.93
853,06/29/2022 01:00:00,14.93
854,06/29/2022 02:00:00,15.01
855,06/29/2022 03:00:00,14.28
856,06/29/2022 04:00:00,13.68
857,06/29/2022 05:00:00,12.70
858,06/29/2022 06:00:00,12.48
859,06/29/2022 07:00:00,12.82
860,06/29/2022 08:00:00,13.38
861,06/29/2022 09:00:00,14.03
862,06/29/2022 10:00:00,14.71
863,06/29/2022 11:00:00,15.40
864,06/29/2022 12:00:00,18.06
865,06/29/2022 13:00:00,19.17
866,06/29/2022 14:00:00,19.43
867,06/29/2022 15:00:00,21.23
868,06/29/2022 16:00:00,21.79
869,06/29/2022 17:00:00,22.31
870,06/29/2022 18:00:00,21.96
871,06/29/2022 19:00:00,20.03
872,06/29/2022 20:00:00,18.96
873,06/29/2022 21:00:00,18.49
874,06/29/2022 22:00:00,17.20
875,06/29/2022 23:00:00,15.70
876,06/30/2022 00:00:00,14.54
877,06/30/2022 01:00:00,14.07
878,06/30/2022 02:00:00,13.17
879,06/30/2022 03:00:00,12.70
880,06/30/2022 04:00:00,12.18
881,06/30/2022 05:00:00,12.01
882,06/30/2022 06:00:00,11.92
883,06/30/2022 07:00:00,12.70
884,06/30/2022 08:00:00,15.66
885,06/30/2022 09:00:00,16.08
886,06/30/2022 10:00:00,17.41
887,06/30/2022 11:00:00,18.79
888,06/30/2022 12:00:00,20.20
889,06/30/2022 13:00:00,21.06
890,06/30/2022 14:00:00,21.79
891,06/30/2022 15:00:00,23.03
892,06/30/2022 16:00:00,24.11
893,06/30/2022 17:00:00,24.36
894,06/30/2022 18:00:00,23.51
895,06/30/2022 19:00:00,23.08
896,06/30/2022 20:00:00,22.31
897,06/30/2022 21:00:00,21.49
898,06/30/2022 22:00:00,19.95
899,06/30/2022 23:00:00,18.66
900,07/01/2022 00:00:00,17.54
901,07/01/2022 01:00:00,16.26
902,07/01/2022 02:00:00,15.96
903,07/01/2022 03:00:00,15.06
904,07/01/2022 04:00:00,14.28
905,07/01/2022 05:00:00,14.11
906,07/01/2022 06:00:00,13.47
907,07/01/2022 07:00:00,13.73
908,07/01/2022 08:00:00,13.64
909,07/01/2022 09:00:00,13.81
910,07/01/2022 10:00:00,14.41
911,07/01/2022 11:00:00,16.17
912,07/01/2022 12:00:00,18.44
913,07/01/2022 13:00:00,20.07
914,07/01/2022 14:00:00,22.13
915,07/01/2022 15:00:00,23.72
916,07/01/2022 16:00:00,23.94
917,07/01/2022 17:00:00,25.09
918,07/01/2022 18:00:00,24.28
919,07/01/2022 19:00:00,22.26
920,07/01/2022 20:00:00,19.56
921,07/01/2022 21:00:00,18.23
922,07/01/2022 22:00:00,17.41
923,07/01/2022 23:00:00,16.34
924,07/02/2022 00:00:00,15.18
925,07/02/2022 01:00:00,14.33
926,07/02/2022 02:00:00,13.68
927,07/02/2022 03:00:00,13.77
928,07/02/2022 04:00:00,13.68
929,07/02/2022 05:00:00,13.47
930,07/02/2022 06:00:00,13.38
931,07/02/2022 07:00:00,13.64
932,07/02/2022 08:00:00,13.85
933,07/02/2022 09:00:00,14.07
934,07/02/2022 10:00:00,14.58
935,07/02/2022 11:00:00,15.10
936,07/02/2022 12:00:00,15.96
937,07/02/2022 13:00:00,17.46
938,07/02/2022 14:00:00,18.44
939,07/02/2022 15:00:00,18.62
940,07/02/2022 16:00:00,18.92
941,07/02/2022 17:00:00,18.40
942,07/02/2022 18:00:00,19.13
943,07/02/2022 19:00:00,18.92
944,07/02/2022 20:00:00,18.66
945,07/02/2022 21:00:00,17.97
946,07/02/2022 22:00:00,16.17
947,07/02/2022 23:00:00,14.93
948,07/03/2022 00:00:00,14.20
949,07/03/2022 01:00:00,13.47
950,07/03/2022 02:00:00,13.64
951,07/03/2022 03:00:00,13.68
952,07/03/2022 04:00:00,13.60
953,07/03/2022 05:00:00,13.55
954,07/03/2022 06:00:00,13.51
955,07/03/2022 07:00:00,13.00
956,07/03/2022 08:00:00,13.25
957,07/03/2022 09:00:00,13.68
958,07/03/2022 10:00:00,13.98
959,07/03/2022 11:00:00,13.73
960,07/03/2022 12:00:00,13.55
961,07/03/2022 13:00:00,14.07
962,07/03/2022 14:00:00,14.50
963,07/03/2022 15:00:00,15.10
964,07/03/2022 16:00:00,15.87
965,07/03/2022 17:00:00,15.66
966,07/03/2022 18:00:00,15.70
967,07/03/2022 19:00:00,15.57
968,07/03/2022 20:00:00,15.70
969,07/03/2022 21:00:00,14.45
970,07/03/2022 22:00:00,13.73
971,07/03/2022 23:00:00,13.30
972,07/04/2022 00:00:00,12.61
973,07/04/2022 01:00:00,11.92
974,07/04/2022 02:00:00,11.79
975,07/04/2022 03:00:00,11.62
976,07/04/2022 04:00:00,11.79
977,07/04/2022 05:00:00,11.84
978,07/04/2022 06:00:00,12.10
979,07/04/2022 07:00:00,12.61
980,07/04/2022 08:00:00,14.71
981,07/04/2022 09:00:00,15.78
982,07/04/2022 10:00:00,16.34
983,07/04/2022 11:00:00,17.29
984,07/04/2022 12:00:00,18.70
985,07/04/2022 13:00:00,19.69
986,07/04/2022 14:00:00,19.77
987,07/04/2022 15:00:00,20.37
988,07/04/2022 16:00:00,21.45
989,07/04/2022 17:00:00,21.45
990,07/04/2022 18:00:00,21.66
991,07/04/2022 19:00:00,20.89
992,07/04/2022 20:00:00,20.29
993,07/04/2022 21:00:00,18.74
994,07/04/2022 22:00:00,17.59
995,07/04/2022 23:00:00,15.78
996,07/05/2022 00:00:00,15.01
997,07/05/2022 01:00:00,14.50
998,07/05/2022 02:00:00,14.11
999,07/05/2022 03:00:00,13.81
1000,07/05/2022 04:00:00,13.38
1001,07/05/2022 05:00:00,13.25
1002,07/05/2022 06:00:00,13.04
1003,07/05/2022 07:00:00,14.15
1004,07/05/2022 08:00:00,15.40
1005,07/05/2022 09:00:00,16.51
1006,07/05/2022 10:00:00,17.89
1007,07/05/2022 11:00:00,19.77
1008,07/05/2022 12:00:00,21.23
1009,07/05/2022 13:00:00,22.35
1010,07/05/2022 14:00:00,23.68
1011,07/05/2022 15:00:00,23.29
1012,07/05/2022 16:00:00,22.91
1013,07/05/2022 17:00:00,23.12
1014,07/05/2022 18:00:00,22.78
1015,07/05/2022 19:00:00,20.80
1016,07/05/2022 20:00:00,19.73
1017,07/05/2022 21:00:00,18.92
1018,07/05/2022 22:00:00,18.14
1019,07/05/2022 23:00:00,17.97
1020,07/06/2022 00:00:00,17.24
1021,07/06/2022 01:00:00,17.46
1022,07/06/2022 02:00:00,16.81
1023,07/06/2022 03:00:00,16.94
1024,07/06/2022 04:00:00,16.73
1025,07/06/2022 05:00:00,16.56
1026,07/06/2022 06:00:00,16.77
1027,07/06/2022 07:00:00,17.20
1028,07/06/2022 08:00:00,16.99
1029,07/06/2022 09:00:00,16.26
1030,07/06/2022 10:00:00,16.99
1031,07/06/2022 11:00:00,16.94
1032,07/06/2022 12:00:00,17.72
1033,07/06/2022 13:00:00,18.57
1034,07/06/2022 14:00:00,20.76
1035,07/06/2022 15:00:00,22.31
1036,07/06/2022 16:00:00,23.03
1037,07/06/2022 17:00:00,23.03
1038,07/06/2022 18:00:00,22.01
1039,07/06/2022 19:00:00,21.32
1040,07/06/2022 20:00:00,19.77
1041,07/06/2022 21:00:00,17.89
1042,07/06/2022 22:00:00,17.20
1043,07/06/2022 23:00:00,17.16
1044,07/07/2022 00:00:00,17.07
1045,07/07/2022 01:00:00,16.43
1046,07/07/2022 02:00:00,16.51
1047,07/07/2022 03:00:00,16.43
1048,07/07/2022 04:00:00,16.00
1049,07/07/2022 05:00:00,15.27
1050,07/07/2022 06:00:00,15.01
1051,07/07/2022 07:00:00,15.83
1052,07/07/2022 08:00:00,16.77
1053,07/07/2022 09:00:00,18.27
1054,07/07/2022 10:00:00,19.69
1055,07/07/2022 11:00:00,21.32
1056,07/07/2022 12:00:00,22.69
1057,07/07/2022 13:00:00,23.85
1058,07/07/2022 14:00:00,24.66
1059,07/07/2022 15:00:00,23.94
1060,07/07/2022 16:00:00,25.95
1061,07/07/2022 17:00:00,25.39
1062,07/07/2022 18:00:00,24.24
1063,07/07/2022 19:00:00,23.94
1064,07/07/2022 20:00:00,22.31
1065,07/07/2022 21:00:00,20.55
1066,07/07/2022 22:00:00,19.22
1067,07/07/2022 23:00:00,18.02
1068,07/08/2022 00:00:00,17.46
1069,07/08/2022 01:00:00,16.69
1070,07/08/2022 02:00:00,16.47
1071,07/08/2022 03:00:00,16.21
1072,07/08/2022 04:00:00,16.51
1073,07/08/2022 05:00:00,16.56
1074,07/08/2022 06:00:00,16.17
1075,07/08/2022 07:00:00,16.34
1076,07/08/2022 08:00:00,17.16
1077,07/08/2022 09:00:00,18.10
1078,07/08/2022 10:00:00,18.40
1079,07/08/2022 11:00:00,19.60
1080,07/08/2022 12:00:00,21.79
1081,07/08/2022 13:00:00,23.12
1082,07/08/2022 14:00:00,23.94
1083,07/08/2022 15:00:00,25.35
1084,07/08/2022 16:00:00,25.82
1085,07/08/2022 17:00:00,26.08
1086,07/08/2022 18:00:00,25.87
1087,07/08/2022 19:00:00,24.28
1088,07/08/2022 20:00:00,23.38
1089,07/08/2022 21:00:00,21.88
1090,07/08/2022 22:00:00,19.56
1091,07/08/2022 23:00:00,18.74
1092,07/09/2022 00:00:00,17.37
1093,07/09/2022 01:00:00,17.84
1094,07/09/2022 02:00:00,17.20
1095,07/09/2022 03:00:00,15.31
1096,07/09/2022 04:00:00,14.71
1097,07/09/2022 05:00:00,14.24
1098,07/09/2022 06:00:00,13.85
1099,07/09/2022 07:00:00,15.23
1100,07/09/2022 08:00:00,16.77
1101,07/09/2022 09:00:00,18.23
1102,07/09/2022 10:00:00,18.62
1103,07/09/2022 11:00:00,18.96
1104,07/09/2022 12:00:00,21.28
1105,07/09/2022 13:00:00,22.82
1106,07/09/2022 14:00:00,24.15
1107,07/09/2022 15:00:00,25.65
1108,07/09/2022 16:00:00,25.95
1109,07/09/2022 17:00:00,26.12
1110,07/09/2022 18:00:00,25.69
1111,07/09/2022 19:00:00,23.72
1112,07/09/2022 20:00:00,21.28
1113,07/09/2022 21:00:00,19.47
1114,07/09/2022 22:00:00,18.06
1115,07/09/2022 23:00:00,17.07
1116,07/10/2022 00:00:00,16.73
1117,07/10/2022 01:00:00,16.08
1118,07/10/2022 02:00:00,15.74
1119,07/10/2022 03:00:00,15.10
1120,07/10/2022 04:00:00,14.63
1121,07/10/2022 05:00:00,14.80
1122,07/10/2022 06:00:00,15.18
1123,07/10/2022 07:00:00,15.31
1124,07/10/2022 08:00:00,15.83
1125,07/10/2022 09:00:00,16.30
1126,07/10/2022 10:00:00,17.63
1127,07/10/2022 11:00:00,18.53
1128,07/10/2022 12:00:00,20.29
1129,07/10/2022 13:00:00,21.53
1130,07/10/2022 14:00:00,23.51
1131,07/10/2022 15:00:00,23.98
1132,07/10/2022 16:00:00,23.94
1133,07/10/2022 17:00:00,24.58
1134,07/10/2022 18:00:00,24.49
1135,07/10/2022 19:00:00,23.25
1136,07/10/2022 20:00:00,22.95
1137,07/10/2022 21:00:00,22.22
1138,07/10/2022 22:00:00,20.93
1139,07/10/2022 23:00:00,20.20
1140,07/11/2022 00:00:00,19.05
1141,07/11/2022 01:00:00,18.32
1142,07/11/2022 02:00:00,17.76
1143,07/11/2022 03:00:00,17.33
1144,07/11/2022 04:00:00,17.16
1145,07/11/2022 05:00:00,16.81
1146,07/11/2022 06:00:00,16.56
1147,07/11/2022 07:00:00,17.63
1148,07/11/2022 08:00:00,18.14
1149,07/11/2022 09:00:00,19.13
1150,07/11/2022 10:00:00,21.02
1151,07/11/2022 11:00:00,22.48
1152,07/11/2022 12:00:00,24.11
1153,07/11/2022 13:00:00,25.69
1154,07/11/2022 14:00:00,26.77
1155,07/11/2022 15:00:00,27.45
1156,07/11/2022 16:00:00,28.74
1157,07/11/2022 17:00:00,29.56
1158,07/11/2022 18:00:00,29.30
1159,07/11/2022 19:00:00,27.84
1160,07/11/2022 20:00:00,26.68
1161,07/11/2022 21:00:00,24.92
1162,07/11/2022 22:00:00,24.54
1163,07/11/2022 23:00:00,23.29
1164,07/12/2022 00:00:00,22.31
1165,07/12/2022 01:00:00,21.40
1166,07/12/2022 02:00:00,20.50
1167,07/12/2022 03:00:00,19.22
1168,07/12/2022 04:00:00,18.70
1169,07/12/2022 05:00:00,17.59
1170,07/12/2022 06:00:00,16.17
1171,07/12/2022 07:00:00,18.14
1172,07/12/2022 08:00:00,19.90
1173,07/12/2022 09:00:00,21.10
1174,07/12/2022 10:00:00,23.46
1175,07/12/2022 11:00:00,25.18
1176,07/12/2022 12:00:00,27.15
1177,07/12/2022 13:00:00,27.28
1178,07/12/2022 14:00:00,29.13
1179,07/12/2022 15:00:00,29.30
1180,07/12/2022 16:00:00,29.86
1181,07/12/2022 17:00:00,30.84
1182,07/12/2022 18:00:00,27.97
1183,07/12/2022 19:00:00,25.74
1184,07/12/2022 20:00:00,22.99
1185,07/12/2022 21:00:00,21.02
1186,07/12/2022 22:00:00,19.82
1187,07/12/2022 23:00:00,18.02
1188,07/13/2022 00:00:00,16.47
1189,07/13/2022 01:00:00,15.36
1190,07/13/2022 02:00:00,14.58
1191,07/13/2022 03:00:00,13.81
1192,07/13/2022 04:00:00,13.60
1193,07/13/2022 05:00:00,13.08
1194,07/13/2022 06:00:00,13.21
1195,07/13/2022 07:00:00,13.81
1196,07/13/2022 08:00:00,14.58
1197,07/13/2022 09:00:00,15.36
1198,07/13/2022 10:00:00,16.86
1199,07/13/2022 11:00:00,18.62
1200,07/13/2022 12:00:00,19.77
1201,07/13/2022 13:00:00,20.59
1202,07/13/2022 14:00:00,22.01
1203,07/13/2022 15:00:00,23.51
1204,07/13/2022 16:00:00,23.89
1205,07/13/2022 17:00:00,25.01
1206,07/13/2022 18:00:00,25.91
1207,07/13/2022 19:00:00,24.62
1208,07/13/2022 20:00:00,22.91
1209,07/13/2022 21:00:00,20.85
1210,07/13/2022 22:00:00,19.30
1211,07/13/2022 23:00:00,17.63
1212,07/14/2022 00:00:00,16.86
1213,07/14/2022 01:00:00,16.34
1214,07/14/2022 02:00:00,15.23
1215,07/14/2022 03:00:00,14.20
1216,07/14/2022 04:00:00,13.51
1217,07/14/2022 05:00:00,12.87
1218,07/14/2022 06:00:00,12.61
1219,07/14/2022 07:00:00,13.55
1220,07/14/2022 08:00:00,14.75
1221,07/14/2022 09:00:00,15.57
1222,07/14/2022 10:00:00,17.24
1223,07/14/2022 11:00:00,18.83
1224,07/14/2022 12:00:00,20.55
1225,07/14/2022 13:00:00,22.05
1226,07/14/2022 14:00:00,23.85
1227,07/14/2022 15:00:00,24.49
1228,07/14/2022 16:00:00,25.82
1229,07/14/2022 17:00:00,26.77
1230,07/14/2022 18:00:00,27.71
1231,07/14/2022 19:00:00,26.47
1232,07/14/2022 20:00:00,25.39
1233,07/14/2022 21:00:00,23.25
1234,07/14/2022 22:00:00,20.68
1235,07/14/2022 23:00:00,18.02
1236,07/15/2022 00:00:00,16.26
1237,07/15/2022 01:00:00,15.14
1238,07/15/2022 02:00:00,14.11
1239,07/15/2022 03:00:00,13.43
1240,07/15/2022 04:00:00,13.04
1241,07/15/2022 05:00:00,12.91
1242,07/15/2022 06:00:00,12.87
1243,07/15/2022 07:00:00,13.68
1244,07/15/2022 08:00:00,14.84
1245,07/15/2022 09:00:00,16.90
1246,07/15/2022 10:00:00,18.44
1247,07/15/2022 11:00:00,20.33
1248,07/15/2022 12:00:00,22.18
1249,07/15/2022 13:00:00,23.81
1250,07/15/2022 14:00:00,25.18
1251,07/15/2022 15:00:00,26.21
1252,07/15/2022 16:00:00,25.82
1253,07/15/2022 17:00:00,26.98
1254,07/15/2022 18:00:00,25.35
1255,07/15/2022 19:00:00,23.64
1256,07/15/2022 20:00:00,21.79
1257,07/15/2022 21:00:00,20.42
1258,07/15/2022 22:00:00,18.92
1259,07/15/2022 23:00:00,18.19
1260,07/16/2022 00:00:00,17.97
1261,07/16/2022 01:00:00,17.59
1262,07/16/2022 02:00:00,17.16
1263,07/16/2022 03:00:00,16.99
1264,07/16/2022 04:00:00,16.47
1265,07/16/2022 05:00:00,15.91
1266,07/16/2022 06:00:00,16.17
1267,07/16/2022 07:00:00,16.73
1268,07/16/2022 08:00:00,16.81
1269,07/16/2022 09:00:00,17.72
1270,07/16/2022 10:00:00,18.49
1271,07/16/2022 11:00:00,19.26
1272,07/16/2022 12:00:00,19.77
1273,07/16/2022 13:00:00,21.62
1274,07/16/2022 14:00:00,21.83
1275,07/16/2022 15:00:00,23.42
1276,07/16/2022 16:00:00,23.03
1277,07/16/2022 17:00:00,22.01
1278,07/16/2022 18:00:00,21.88
1279,07/16/2022 19:00:00,21.66
1280,07/16/2022 20:00:00,20.16
1281,07/16/2022 21:00:00,18.02
1282,07/16/2022 22:00:00,17.20
1283,07/16/2022 23:00:00,16.34
1284,07/17/2022 00:00:00,15.74
1285,07/17/2022 01:00:00,14.75
1286,07/17/2022 02:00:00,13.94
1287,07/17/2022 03:00:00,14.07
1288,07/17/2022 04:00:00,13.98
1289,07/17/2022 05:00:00,14.11
1290,07/17/2022 06:00:00,14.15
1291,07/17/2022 07:00:00,14.50
1292,07/17/2022 08:00:00,14.84
1293,07/17/2022 09:00:00,15.66
1294,07/17/2022 10:00:00,16.94
1295,07/17/2022 11:00:00,17.72
1296,07/17/2022 12:00:00,17.24
1297,07/17/2022 13:00:00,18.79
1298,07/17/2022 14:00:00,19.13
1299,07/17/2022 15:00:00,19.35
1300,07/17/2022 16:00:00,19.30
1301,07/17/2022 17:00:00,21.15
1302,07/17/2022 18:00:00,21.23
1303,07/17/2022 19:00:00,20.33
1304,07/17/2022 20:00:00,19.13
1305,07/17/2022 21:00:00,18.02
1306,07/17/2022 22:00:00,17.80
1307,07/17/2022 23:00:00,17.41
1308,07/18/2022 00:00:00,15.74
1309,07/18/2022 01:00:00,14.45
1310,07/18/2022 02:00:00,13.90
1311,07/18/2022 03:00:00,13.30
1312,07/18/2022 04:00:00,12.74
1313,07/18/2022 05:00:00,12.95
1314,07/18/2022 06:00:00,13.38
1315,07/18/2022 07:00:00,13.94
1316,07/18/2022 08:00:00,14.28
1317,07/18/2022 09:00:00,15.31
1318,07/18/2022 10:00:00,15.61
1319,07/18/2022 11:00:00,17.16
1320,07/18/2022 12:00:00,17.76
1321,07/18/2022 13:00:00,19.69
1322,07/18/2022 14:00:00,20.20
1323,07/18/2022 15:00:00,21.40
1324,07/18/2022 16:00:00,22.18
1325,07/18/2022 17:00:00,22.52
1326,07/18/2022 18:00:00,22.56
1327,07/18/2022 19:00:00,21.70
1328,07/18/2022 20:00:00,21.15
1329,07/18/2022 21:00:00,19.95
1330,07/18/2022 22:00:00,18.44
1331,07/18/2022 23:00:00,17.16
1332,07/19/2022 00:00:00,16.56
1333,07/19/2022 01:00:00,15.83
1334,07/19/2022 02:00:00,15.18
1335,07/19/2022 03:00:00,14.63
1336,07/19/2022 04:00:00,14.37
1337,07/19/2022 05:00:00,14.33
1338,07/19/2022 06:00:00,14.28
1339,07/19/2022 07:00:00,15.36
1340,07/19/2022 08:00:00,16.13
1341,07/19/2022 09:00:00,17.07
1342,07/19/2022 10:00:00,18.79
1343,07/19/2022 11:00:00,20.42
1344,07/19/2022 12:00:00,22.09
1345,07/19/2022 13:00:00,23.59
1346,07/19/2022 14:00:00,24.92
1347,07/19/2022 15:00:00,26.30
1348,07/19/2022 16:00:00,26.90
1349,07/19/2022 17:00:00,26.94
1350,07/19/2022 18:00:00,26.81
1351,07/19/2022 19:00:00,26.12
1352,07/19/2022 20:00:00,24.97
1353,07/19/2022 21:00:00,23.76
1354,07/19/2022 22:00:00,22.52
1355,07/19/2022 23:00:00,20.72
1356,07/20/2022 00:00:00,19.56
1357,07/20/2022 01:00:00,18.36
1358,07/20/2022 02:00:00,17.54
1359,07/20/2022 03:00:00,16.51
1360,07/20/2022 04:00:00,16.34
1361,07/20/2022 05:00:00,15.57
1362,07/20/2022 06:00:00,15.14
1363,07/20/2022 07:00:00,16.26
1364,07/20/2022 08:00:00,17.50
1365,07/20/2022 09:00:00,19.65
1366,07/20/2022 10:00:00,21.58
1367,07/20/2022 11:00:00,23.59
1368,07/20/2022 12:00:00,25.05
1369,07/20/2022 13:00:00,26.12
1370,07/20/2022 14:00:00,28.31
1371,07/20/2022 15:00:00,29.08
1372,07/20/2022 16:00:00,29.68
1373,07/20/2022 17:00:00,30.37
1374,07/20/2022 18:00:00,31.27
1375,07/20/2022 19:00:00,29.13
1376,07/20/2022 20:00:00,27.32
1377,07/20/2022 21:00:00,24.75
1378,07/20/2022 22:00:00,23.46
1379,07/20/2022 23:00:00,22.31
1380,07/21/2022 00:00:00,20.63
1381,07/21/2022 01:00:00,18.74
1382,07/21/2022 02:00:00,17.41
1383,07/21/2022 03:00:00,16.51
1384,07/21/2022 04:00:00,15.57
1385,07/21/2022 05:00:00,14.58
1386,07/21/2022 06:00:00,13.81
1387,07/21/2022 07:00:00,14.20
1388,07/21/2022 08:00:00,15.01
1389,07/21/2022 09:00:00,15.78
1390,07/21/2022 10:00:00,17.33
1391,07/21/2022 11:00:00,19.22
1392,07/21/2022 12:00:00,21.70
1393,07/21/2022 13:00:00,23.59
1394,07/21/2022 14:00:00,25.35
1395,07/21/2022 15:00:00,27.24
1396,07/21/2022 16:00:00,27.63
1397,07/21/2022 17:00:00,28.01
1398,07/21/2022 18:00:00,28.14
1399,07/21/2022 19:00:00,26.12
1400,07/21/2022 20:00:00,23.21
1401,07/21/2022 21:00:00,20.03
1402,07/21/2022 22:00:00,17.46
1403,07/21/2022 23:00:00,15.57
1404,07/22/2022 00:00:00,14.97
1405,07/22/2022 01:00:00,15.01
1406,07/22/2022 02:00:00,15.10
1407,07/22/2022 03:00:00,14.88
1408,07/22/2022 04:00:00,14.88
1409,07/22/2022 05:00:00,14.97
1410,07/22/2022 06:00:00,15.06
1411,07/22/2022 07:00:00,15.10
1412,07/22/2022 08:00:00,15.53
1413,07/22/2022 09:00:00,16.21
1414,07/22/2022 10:00:00,16.81
1415,07/22/2022 11:00:00,17.80
1416,07/22/2022 12:00:00,19.56
1417,07/22/2022 13:00:00,20.50
1418,07/22/2022 14:00:00,21.06
1419,07/22/2022 15:00:00,22.13
1420,07/22/2022 16:00:00,23.25
1421,07/22/2022 17:00:00,23.76
1422,07/22/2022 18:00:00,23.59
1423,07/22/2022 19:00:00,22.18
1424,07/22/2022 20:00:00,19.86
1425,07/22/2022 21:00:00,18.19
1426,07/22/2022 22:00:00,17.33
1427,07/22/2022 23:00:00,15.96
1428,07/23/2022 00:00:00,15.06
1429,07/23/2022 01:00:00,14.37
1430,07/23/2022 02:00:00,14.75
1431,07/23/2022 03:00:00,14.37
1432,07/23/2022 04:00:00,14.37
1433,07/23/2022 05:00:00,14.20
1434,07/23/2022 06:00:00,13.85
1435,07/23/2022 07:00:00,14.15
1436,07/23/2022 08:00:00,14.37
1437,07/23/2022 09:00:00,14.84
1438,07/23/2022 10:00:00,15.91
1439,07/23/2022 11:00:00,17.16
1440,07/23/2022 12:00:00,17.97
1441,07/23/2022 13:00:00,20.63
1442,07/23/2022 14:00:00,20.29
1443,07/23/2022 15:00:00,22.13
1444,07/23/2022 16:00:00,23.38
1445,07/23/2022 17:00:00,22.43
1446,07/23/2022 18:00:00,22.48
1447,07/23/2022 19:00:00,22.18
1448,07/23/2022 20:00:00,21.75
1449,07/23/2022 21:00:00,21.32
1450,07/23/2022 22:00:00,20.46
1451,07/23/2022 23:00:00,20.12
1452,07/24/2022 00:00:00,17.93
1453,07/24/2022 01:00:00,16.94
1454,07/24/2022 02:00:00,16.13
1455,07/24/2022 03:00:00,15.48
1456,07/24/2022 04:00:00,15.06
1457,07/24/2022 05:00:00,14.75
1458,07/24/2022 06:00:00,14.11
1459,07/24/2022 07:00:00,15.36
1460,07/24/2022 08:00:00,17.03
1461,07/24/2022 09:00:00,18.49
1462,07/24/2022 10:00:00,20.42
1463,07/24/2022 11:00:00,21.75
1464,07/24/2022 12:00:00,23.38
1465,07/24/2022 13:00:00,24.36
1466,07/24/2022 14:00:00,25.61
1467,07/24/2022 15:00:00,26.77
1468,07/24/2022 16:00:00,27.20
1469,07/24/2022 17:00:00,27.88
1470,07/24/2022 18:00:00,26.68
1471,07/24/2022 19:00:00,25.95
1472,07/24/2022 20:00:00,25.31
1473,07/24/2022 21:00:00,23.64
1474,07/24/2022 22:00:00,22.26
1475,07/24/2022 23:00:00,22.18
1476,07/25/2022 00:00:00,22.13
1477,07/25/2022 01:00:00,22.09
1478,07/25/2022 02:00:00,20.76
1479,07/25/2022 03:00:00,19.65
1480,07/25/2022 04:00:00,18.40
1481,07/25/2022 05:00:00,17.03
1482,07/25/2022 06:00:00,16.21
1483,07/25/2022 07:00:00,17.24
1484,07/25/2022 08:00:00,19.60
1485,07/25/2022 09:00:00,21.15
1486,07/25/2022 10:00:00,22.91
1487,07/25/2022 11:00:00,24.24
1488,07/25/2022 12:00:00,26.12
1489,07/25/2022 13:00:00,27.02
1490,07/25/2022 14:00:00,28.35
1491,07/25/2022 15:00:00,29.17
1492,07/25/2022 16:00:00,29.90
1493,07/25/2022 17:00:00,30.54
1494,07/25/2022 18:00:00,30.16
1495,07/25/2022 19:00:00,28.91
1496,07/25/2022 20:00:00,27.80
1497,07/25/2022 21:00:00,26.47
1498,07/25/2022 22:00:00,25.78
1499,07/25/2022 23:00:00,25.01
1500,07/26/2022 00:00:00,24.62
1501,07/26/2022 01:00:00,22.91
1502,07/26/2022 02:00:00,22.13
1503,07/26/2022 03:00:00,20.20
1504,07/26/2022 04:00:00,19.30
1505,07/26/2022 05:00:00,18.74
1506,07/26/2022 06:00:00,18.23
1507,07/26/2022 07:00:00,19.65
1508,07/26/2022 08:00:00,21.62
1509,07/26/2022 09:00:00,23.94
1510,07/26/2022 10:00:00,26.42
1511,07/26/2022 11:00:00,26.98
1512,07/26/2022 12:00:00,29.00
1513,07/26/2022 13:00:00,29.77
1514,07/26/2022 14:00:00,31.40
1515,07/26/2022 15:00:00,32.43
1516,07/26/2022 16:00:00,33.55
1517,07/26/2022 17:00:00,34.19
1518,07/26/2022 18:00:00,34.53
1519,07/26/2022 19:00:00,33.20
1520,07/26/2022 20:00:00,32.47
1521,07/26/2022 21:00:00,31.06
1522,07/26/2022 22:00:00,28.44
1523,07/26/2022 23:00:00,26.90
1524,07/27/2022 00:00:00,25.18
1525,07/27/2022 01:00:00,22.39
1526,07/27/2022 02:00:00,20.89
1527,07/27/2022 03:00:00,19.05
1528,07/27/2022 04:00:00,17.84
1529,07/27/2022 05:00:00,17.11
1530,07/27/2022 06:00:00,16.30
1531,07/27/2022 07:00:00,16.73
1532,07/27/2022 08:00:00,17.24
1533,07/27/2022 09:00:00,19.39
1534,07/27/2022 10:00:00,21.49
1535,07/27/2022 11:00:00,22.91
1536,07/27/2022 12:00:00,25.52
1537,07/27/2022 13:00:00,28.27
1538,07/27/2022 14:00:00,30.67
1539,07/27/2022 15:00:00,32.17
1540,07/27/2022 16:00:00,33.07
1541,07/27/2022 17:00:00,34.49
1542,07/27/2022 18:00:00,35.09
1543,07/27/2022 19:00:00,32.99
1544,07/27/2022 20:00:00,31.23
1545,07/27/2022 21:00:00,28.61
1546,07/27/2022 22:00:00,27.20
1547,07/27/2022 23:00:00,25.69
1548,07/28/2022 00:00:00,24.28
1549,07/28/2022 01:00:00,22.65
1550,07/28/2022 02:00:00,21.66
1551,07/28/2022 03:00:00,20.93
1552,07/28/2022 04:00:00,19.65
1553,07/28/2022 05:00:00,18.87
1554,07/28/2022 06:00:00,17.33
1555,07/28/2022 07:00:00,17.89
1556,07/28/2022 08:00:00,20.76
1557,07/28/2022 09:00:00,22.05
1558,07/28/2022 10:00:00,24.62
1559,07/28/2022 11:00:00,25.61
1560,07/28/2022 12:00:00,28.01
1561,07/28/2022 13:00:00,30.03
1562,07/28/2022 14:00:00,31.53
1563,07/28/2022 15:00:00,32.39
1564,07/28/2022 16:00:00,33.25
1565,07/28/2022 17:00:00,33.55
1566,07/28/2022 18:00:00,32.43
1567,07/28/2022 19:00:00,31.83
1568,07/28/2022 20:00:00,31.23
1569,07/28/2022 21:00:00,29.51
1570,07/28/2022 22:00:00,26.90
1571,07/28/2022 23:00:00,25.44
1572,07/29/2022 00:00:00,24.45
1573,07/29/2022 01:00:00,24.19
1574,07/29/2022 02:00:00,23.29
1575,07/29/2022 03:00:00,21.66
1576,07/29/2022 04:00:00,21.28
1577,07/29/2022 05:00:00,20.76
1578,07/29/2022 06:00:00,19.86
1579,07/29/2022 07:00:00,20.37
1580,07/29/2022 08:00:00,22.01
1581,07/29/2022 09:00:00,23.85
1582,07/29/2022 10:00:00,26.12
1583,07/29/2022 11:00:00,28.40
1584,07/29/2022 12:00:00,30.07
1585,07/29/2022 13:00:00,30.71
1586,07/29/2022 14:00:00,31.74
1587,07/29/2022 15:00:00,32.82
1588,07/29/2022 16:00:00,32.26
1589,07/29/2022 17:00:00,33.37
1590,07/29/2022 18:00:00,34.27
1591,07/29/2022 19:00:00,33.25
1592,07/29/2022 20:00:00,31.96
1593,07/29/2022 21:00:00,29.86
1594,07/29/2022 22:00:00,29.08
1595,07/29/2022 23:00:00,26.72
1596,07/30/2022 00:00:00,24.97
1597,07/30/2022 01:00:00,24.24
1598,07/30/2022 02:00:00,23.21
1599,07/30/2022 03:00:00,22.48
1600,07/30/2022 04:00:00,21.15
1601,07/30/2022 05:00:00,20.25
1602,07/30/2022 06:00:00,19.43
1603,07/30/2022 07:00:00,19.73
1604,07/30/2022 08:00:00,21.62
1605,07/30/2022 09:00:00,24.71
1606,07/30/2022 10:00:00,26.34
1607,07/30/2022 11:00:00,29.04
1608,07/30/2022 12:00:00,30.59
1609,07/30/2022 13:00:00,31.53
1610,07/30/2022 14:00:00,32.00
1611,07/30/2022 15:00:00,32.77
1612,07/30/2022 16:00:00,33.97
1613,07/30/2022 17:00:00,34.27
1614,07/30/2022 18:00:00,33.85
1615,07/30/2022 19:00:00,32.52
1616,07/30/2022 20:00:00,30.89
1617,07/30/2022 21:00:00,29.30
1618,07/30/2022 22:00:00,28.27
1619,07/30/2022 23:00:00,27.37
1620,07/31/2022 00:00:00,26.30
1621,07/31/2022 01:00:00,25.31
1622,07/31/2022 02:00:00,22.99
1623,07/31/2022 03:00:00,22.31
1624,07/31/2022 04:00:00,21.23
1625,07/31/2022 05:00:00,20.07
1626,07/31/2022 06:00:00,19.26
1627,07/31/2022 07:00:00,20.46
1628,07/31/2022 08:00:00,21.49
1629,07/31/2022 09:00:00,24.11
1630,07/31/2022 10:00:00,25.87
1631,07/31/2022 11:00:00,27.58
1632,07/31/2022 12:00:00,28.87
1633,07/31/2022 13:00:00,31.49
1634,07/31/2022 14:00:00,32.34
1635,07/31/2022 15:00:00,33.33
1636,07/31/2022 16:00:00,35.05
1637,07/31/2022 17:00:00,36.89
1638,07/31/2022 18:00:00,36.21
1639,07/31/2022 19:00:00,34.49
1640,07/31/2022 20:00:00,32.52
1641,07/31/2022 21:00:00,30.07
1642,07/31/2022 22:00:00,28.57
1643,07/31/2022 23:00:00,26.64
1644,08/01/2022 00:00:00,24.84
1645,08/01/2022 01:00:00,22.61
1646,08/01/2022 02:00:00,21.49
1647,08/01/2022 03:00:00,20.25
1648,08/01/2022 04:00:00,18.96
1649,08/01/2022 05:00:00,17.54
1650,08/01/2022 06:00:00,16.51
1651,08/01/2022 07:00:00,16.56
1652,08/01/2022 08:00:00,17.33
1653,08/01/2022 09:00:00,18.57
1654,08/01/2022 10:00:00,20.03
1655,08/01/2022 11:00:00,21.79
1656,08/01/2022 12:00:00,23.98
1657,08/01/2022 13:00:00,25.14
1658,08/01/2022 14:00:00,27.41
1659,08/01/2022 15:00:00,28.27
1660,08/01/2022 16:00:00,27.11
1661,08/01/2022 17:00:00,27.24
1662,08/01/2022 18:00:00,27.20
1663,08/01/2022 19:00:00,24.58
1664,08/01/2022 20:00:00,22.69
1665,08/01/2022 21:00:00,19.95
1666,08/01/2022 22:00:00,18.10
1667,08/01/2022 23:00:00,16.94
1668,08/02/2022 00:00:00,16.90
1669,08/02/2022 01:00:00,16.73
1670,08/02/2022 02:00:00,16.73
1671,08/02/2022 03:00:00,16.34
1672,08/02/2022 04:00:00,16.04
1673,08/02/2022 05:00:00,15.70
1674,08/02/2022 06:00:00,15.61
1675,08/02/2022 07:00:00,15.53
1676,08/02/2022 08:00:00,15.70
1677,08/02/2022 09:00:00,16.34
1678,08/02/2022 10:00:00,17.63
1679,08/02/2022 11:00:00,19.73
1680,08/02/2022 12:00:00,21.40
1681,08/02/2022 13:00:00,22.95
1682,08/02/2022 14:00:00,23.89
1683,08/02/2022 15:00:00,25.09
1684,08/02/2022 16:00:00,26.12
1685,08/02/2022 17:00:00,27.11
1686,08/02/2022 18:00:00,26.17
1687,08/02/2022 19:00:00,25.44
1688,08/02/2022 20:00:00,23.55
1689,08/02/2022 21:00:00,21.49
1690,08/02/2022 22:00:00,19.86
1691,08/02/2022 23:00:00,18.40
1692,08/03/2022 00:00:00,17.03
1693,08/03/2022 01:00:00,15.96
1694,08/03/2022 02:00:00,15.06
1695,08/03/2022 03:00:00,14.28
1696,08/03/2022 04:00:00,13.43
1697,08/03/2022 05:00:00,12.87
1698,08/03/2022 06:00:00,12.95
1699,08/03/2022 07:00:00,13.21
1700,08/03/2022 08:00:00,13.34
1701,08/03/2022 09:00:00,14.37
1702,08/03/2022 10:00:00,15.61
1703,08/03/2022 11:00:00,16.86
1704,08/03/2022 12:00:00,18.70
1705,08/03/2022 13:00:00,21.92
1706,08/03/2022 14:00:00,22.43
1707,08/03/2022 15:00:00,23.89
1708,08/03/2022 16:00:00,23.42
1709,08/03/2022 17:00:00,23.64
1710,08/03/2022 18:00:00,21.83
1711,08/03/2022 19:00:00,20.03
1712,08/03/2022 20:00:00,18.27
1713,08/03/2022 21:00:00,17.03
1714,08/03/2022 22:00:00,16.30
1715,08/03/2022 23:00:00,16.26
1716,08/04/2022 00:00:00,15.83
1717,08/04/2022 01:00:00,15.87
1718,08/04/2022 02:00:00,15.91
1719,08/04/2022 03:00:00,15.83
1720,08/04/2022 04:00:00,15.83
1721,08/04/2022 05:00:00,15.40
1722,08/04/2022 06:00:00,15.18
1723,08/04/2022 07:00:00,15.53
1724,08/04/2022 08:00:00,16.21
1725,08/04/2022 09:00:00,16.69
1726,08/04/2022 10:00:00,17.63
1727,08/04/2022 11:00:00,19.35
1728,08/04/2022 12:00:00,20.46
1729,08/04/2022 13:00:00,20.20
1730,08/04/2022 14:00:00,22.13
1731,08/04/2022 15:00:00,20.12
1732,08/04/2022 16:00:00,20.76
1733,08/04/2022 17:00:00,21.06
1734,08/04/2022 18:00:00,20.76
1735,08/04/2022 19:00:00,19.90
1736,08/04/2022 20:00:00,19.26
1737,08/04/2022 21:00:00,18.14
1738,08/04/2022 22:00:00,17.59
1739,08/04/2022 23:00:00,17.03
1740,08/05/2022 00:00:00,16.64
1741,08/05/2022 01:00:00,15.78
1742,08/05/2022 02:00:00,15.27
1743,08/05/2022 03:00:00,14.54
1744,08/05/2022 04:00:00,14.24
1745,08/05/2022 05:00:00,13.90
1746,08/05/2022 06:00:00,13.94
1747,08/05/2022 07:00:00,14.41
1748,08/05/2022 08:00:00,14.88
1749,08/05/2022 09:00:00,16.00
1750,08/05/2022 10:00:00,17.41
1751,08/05/2022 11:00:00,18.57
1752,08/05/2022 12:00:00,19.86
1753,08/05/2022 13:00:00,21.02
1754,08/05/2022 14:00:00,21.23
1755,08/05/2022 15:00:00,22.48
1756,08/05/2022 16:00:00,23.08
1757,08/05/2022 17:00:00,23.81
1758,08/05/2022 18:00:00,23.55
1759,08/05/2022 19:00:00,22.31
1760,08/05/2022 20:00:00,21.79
1761,08/05/2022 21:00:00,20.42
1762,08/05/2022 22:00:00,19.52
1763,08/05/2022 23:00:00,19.65
1764,08/06/2022 00:00:00,19.99
1765,08/06/2022 01:00:00,19.13
1766,08/06/2022 02:00:00,18.27
1767,08/06/2022 03:00:00,17.20
1768,08/06/2022 04:00:00,15.87
1769,08/06/2022 05:00:00,14.33
1770,08/06/2022 06:00:00,13.73
1771,08/06/2022 07:00:00,14.54
1772,08/06/2022 08:00:00,17.59
1773,08/06/2022 09:00:00,19.43
1774,08/06/2022 10:00:00,20.63
1775,08/06/2022 11:00:00,21.49
1776,08/06/2022 12:00:00,22.78
1777,08/06/2022 13:00:00,24.75
1778,08/06/2022 14:00:00,26.08
1779,08/06/2022 15:00:00,26.77
1780,08/06/2022 16:00:00,28.18
1781,08/06/2022 17:00:00,27.54
1782,08/06/2022 18:00:00,27.54
1783,08/06/2022 19:00:00,26.25
1784,08/06/2022 20:00:00,24.75
1785,08/06/2022 21:00:00,23.51
1786,08/06/2022 22:00:00,22.99
1787,08/06/2022 23:00:00,22.39
1788,08/07/2022 00:00:00,21.75
1789,08/07/2022 01:00:00,19.73
1790,08/07/2022 02:00:00,18.06
1791,08/07/2022 03:00:00,17.72
1792,08/07/2022 04:00:00,16.21
1793,08/07/2022 05:00:00,15.44
1794,08/07/2022 06:00:00,14.93
1795,08/07/2022 07:00:00,16.04
1796,08/07/2022 08:00:00,18.02
1797,08/07/2022 09:00:00,20.25
1798,08/07/2022 10:00:00,22.69
1799,08/07/2022 11:00:00,24.02
1800,08/07/2022 12:00:00,26.04
1801,08/07/2022 13:00:00,27.37
1802,08/07/2022 14:00:00,28.95
1803,08/07/2022 15:00:00,29.86
1804,08/07/2022 16:00:00,30.46
1805,08/07/2022 17:00:00,30.71
1806,08/07/2022 18:00:00,30.28
1807,08/07/2022 19:00:00,28.87
1808,08/07/2022 20:00:00,27.67
1809,08/07/2022 21:00:00,26.08
1810,08/07/2022 22:00:00,25.14
1811,08/07/2022 23:00:00,23.89
1812,08/08/2022 00:00:00,22.52
1813,08/08/2022 01:00:00,21.28
1814,08/08/2022 02:00:00,19.30
1815,08/08/2022 03:00:00,18.44
1816,08/08/2022 04:00:00,17.50
1817,08/08/2022 05:00:00,16.77
1818,08/08/2022 06:00:00,16.30
1819,08/08/2022 07:00:00,16.86
1820,08/08/2022 08:00:00,19.77
1821,08/08/2022 09:00:00,22.56
1822,08/08/2022 10:00:00,23.68
1823,08/08/2022 11:00:00,25.18
1824,08/08/2022 12:00:00,27.02
1825,08/08/2022 13:00:00,28.78
1826,08/08/2022 14:00:00,29.47
1827,08/08/2022 15:00:00,30.50
1828,08/08/2022 16:00:00,31.61
1829,08/08/2022 17:00:00,31.27
1830,08/08/2022 18:00:00,31.01
1831,08/08/2022 19:00:00,30.20
1832,08/08/2022 20:00:00,26.04
1833,08/08/2022 21:00:00,23.38
1834,08/08/2022 22:00:00,19.77
1835,08/08/2022 23:00:00,17.72
1836,08/09/2022 00:00:00,16.81
1837,08/09/2022 01:00:00,16.17
1838,08/09/2022 02:00:00,15.70
1839,08/09/2022 03:00:00,15.70
1840,08/09/2022 04:00:00,15.96
1841,08/09/2022 05:00:00,15.96
1842,08/09/2022 06:00:00,15.83
1843,08/09/2022 07:00:00,15.74
1844,08/09/2022 08:00:00,15.91
1845,08/09/2022 09:00:00,16.86
1846,08/09/2022 10:00:00,17.67
1847,08/09/2022 11:00:00,17.84
1848,08/09/2022 12:00:00,17.97
1849,08/09/2022 13:00:00,20.25
1850,08/09/2022 14:00:00,21.79
1851,08/09/2022 15:00:00,24.32
1852,08/09/2022 16:00:00,24.58
1853,08/09/2022 17:00:00,25.69
1854,08/09/2022 18:00:00,25.74
1855,08/09/2022 19:00:00,25.14
1856,08/09/2022 20:00:00,25.05
1857,08/09/2022 21:00:00,23.89
1858,08/09/2022 22:00:00,23.29
1859,08/09/2022 23:00:00,22.18
1860,08/10/2022 00:00:00,20.98
1861,08/10/2022 01:00:00,19.73
1862,08/10/2022 02:00:00,18.44
1863,08/10/2022 03:00:00,16.60
1864,08/10/2022 04:00:00,15.74
1865,08/10/2022 05:00:00,15.91
1866,08/10/2022 06:00:00,16.08
1867,08/10/2022 07:00:00,16.43
1868,08/10/2022 08:00:00,17.37
1869,08/10/2022 09:00:00,17.59
1870,08/10/2022 10:00:00,17.46
1871,08/10/2022 11:00:00,18.87
1872,08/10/2022 12:00:00,19.77
1873,08/10/2022 13:00:00,20.33
1874,08/10/2022 14:00:00,19.60
1875,08/10/2022 15:00:00,19.52
1876,08/10/2022 16:00:00,18.53
1877,08/10/2022 17:00:00,18.53
1878,08/10/2022 18:00:00,19.39
1879,08/10/2022 19:00:00,19.30
1880,08/10/2022 20:00:00,18.79
1881,08/10/2022 21:00:00,18.40
1882,08/10/2022 22:00:00,17.84
1883,08/10/2022 23:00:00,17.46
1884,08/11/2022 00:00:00,17.20
1885,08/11/2022 01:00:00,16.34
1886,08/11/2022 02:00:00,15.48
1887,08/11/2022 03:00:00,14.93
1888,08/11/2022 04:00:00,14.58
1889,08/11/2022 05:00:00,15.31
1890,08/11/2022 06:00:00,15.01
1891,08/11/2022 07:00:00,15.18
1892,08/11/2022 08:00:00,17.67
1893,08/11/2022 09:00:00,18.87
1894,08/11/2022 10:00:00,20.25
1895,08/11/2022 11:00:00,21.02
1896,08/11/2022 12:00:00,22.48
1897,08/11/2022 13:00:00,23.81
1898,08/11/2022 14:00:00,24.58
1899,08/11/2022 15:00:00,25.65
1900,08/11/2022 16:00:00,26.51
1901,08/11/2022 17:00:00,26.68
1902,08/11/2022 18:00:00,26.77
1903,08/11/2022 19:00:00,25.82
1904,08/11/2022 20:00:00,24.58
1905,08/11/2022 21:00:00,22.18
1906,08/11/2022 22:00:00,21.28
1907,08/11/2022 23:00:00,20.07
1908,08/12/2022 00:00:00,18.74
1909,08/12/2022 01:00:00,17.72
1910,08/12/2022 02:00:00,17.37
1911,08/12/2022 03:00:00,16.69
1912,08/12/2022 04:00:00,16.60
1913,08/12/2022 05:00:00,16.08
1914,08/12/2022 06:00:00,15.40
1915,08/12/2022 07:00:00,15.83
1916,08/12/2022 08:00:00,16.94
1917,08/12/2022 09:00:00,18.14
1918,08/12/2022 10:00:00,19.77
1919,08/12/2022 11:00:00,21.36
1920,08/12/2022 12:00:00,23.12
1921,08/12/2022 13:00:00,24.02
1922,08/12/2022 14:00:00,25.61
1923,08/12/2022 15:00:00,25.65
1924,08/12/2022 16:00:00,25.18
1925,08/12/2022 17:00:00,25.22
1926,08/12/2022 18:00:00,23.76
1927,08/12/2022 19:00:00,21.28
1928,08/12/2022 20:00:00,19.47
1929,08/12/2022 21:00:00,18.62
1930,08/12/2022 22:00:00,17.89
1931,08/12/2022 23:00:00,16.99
1932,08/13/2022 00:00:00,16.77
1933,08/13/2022 01:00:00,17.24
1934,08/13/2022 02:00:00,17.29
1935,08/13/2022 03:00:00,17.29
1936,08/13/2022 04:00:00,17.16
1937,08/13/2022 05:00:00,17.20
1938,08/13/2022 06:00:00,17.07
1939,08/13/2022 07:00:00,17.11
1940,08/13/2022 08:00:00,17.54
1941,08/13/2022 09:00:00,18.27
1942,08/13/2022 10:00:00,20.16
1943,08/13/2022 11:00:00,20.29
1944,08/13/2022 12:00:00,22.05
1945,08/13/2022 13:00:00,22.13
1946,08/13/2022 14:00:00,22.99
1947,08/13/2022 15:00:00,24.32
1948,08/13/2022 16:00:00,23.98
1949,08/13/2022 17:00:00,24.66
1950,08/13/2022 18:00:00,23.46
1951,08/13/2022 19:00:00,22.05
1952,08/13/2022 20:00:00,21.15
1953,08/13/2022 21:00:00,19.77
1954,08/13/2022 22:00:00,18.66
1955,08/13/2022 23:00:00,17.84
1956,08/14/2022 00:00:00,17.97
1957,08/14/2022 01:00:00,16.47
1958,08/14/2022 02:00:00,15.87
1959,08/14/2022 03:00:00,15.48
1960,08/14/2022 04:00:00,14.63
1961,08/14/2022 05:00:00,14.07
1962,08/14/2022 06:00:00,13.77
1963,08/14/2022 07:00:00,13.98
1964,08/14/2022 08:00:00,16.47
1965,08/14/2022 09:00:00,17.29
1966,08/14/2022 10:00:00,19.22
1967,08/14/2022 11:00:00,21.02
1968,08/14/2022 12:00:00,22.52
1969,08/14/2022 13:00:00,24.24
1970,08/14/2022 14:00:00,24.66
1971,08/14/2022 15:00:00,25.69
1972,08/14/2022 16:00:00,26.81
1973,08/14/2022 17:00:00,26.72
1974,08/14/2022 18:00:00,26.60
1975,08/14/2022 19:00:00,25.69
1976,08/14/2022 20:00:00,24.92
1977,08/14/2022 21:00:00,23.08
1978,08/14/2022 22:00:00,21.79
1979,08/14/2022 23:00:00,19.95
1980,08/15/2022 00:00:00,18.79
1981,08/15/2022 01:00:00,18.44
1982,08/15/2022 02:00:00,17.93
1983,08/15/2022 03:00:00,16.73
1984,08/15/2022 04:00:00,15.78
1985,08/15/2022 05:00:00,15.23
1986,08/15/2022 06:00:00,14.75
1987,08/15/2022 07:00:00,14.63
1988,08/15/2022 08:00:00,16.30
1989,08/15/2022 09:00:00,18.87
1990,08/15/2022 10:00:00,21.19
1991,08/15/2022 11:00:00,22.65
1992,08/15/2022 12:00:00,24.75
